Order,Family,Species_name,Weight,No_of_datasets,Ln,Pn,Pin,Ls,Ps,pnps,diversity,Pis,log_Pis,L4,P4,Pi4,Range,log_Range,migrant,longevity,log_Longevity,Body_mass,log_Bodymass,BMR,log_BMR,Range_type,No_of_ranges,Area,log_Area,Average_latitude,Latitude,log_Latitude,Latitude_migrants,Average_longitude
Passeriformes,Acanthizidae,Acanthiza nana,3053.5488,1,729.33,3,0.00094923,254.67,17,0.1667,-0.77815125,0.017519,-1.756490687,199,11,0.015462,2790000,6.45,nonmigrant,,,6.5,0.812913357,,,1,1,189.6568016,2.277968422,-29.9937914,29.9937914,1.477031367,,146.2274973
Passeriformes,Acrocephalidae,Acrocephalus arundinaceus,778.5,1,384.33,3,0.0052038,134.67,4,0.6,-0.22184875,0.019802,-1.703290944,102,4,0.026144,24500000,7.39,migrant,10.1,1.004321374,28.8,1.459392488,0.257,-0.590066877,2,1,1164.092817,3.065987609,50.49666912,50.49666912,1.703262732,3.1,50.46432216
Passeriformes,Acrocephalidae,Acrocephalus familiaris,2902.3764,1,459,0,0,147,0,,,0,,111,0,0,2,0.3,nonmigrant,5,0.698970004,18.3,1.26245109,,,1,2,0.000508483,-3.293723562,25.1189,25.1189,1.400000617,,-169.0528913
Passeriformes,Acrocephalidae,Acrocephalus melanopogon,2686.8807,1,459.67,3,0.00039992,161.33,3,0.75,-0.124938737,0.001414,-2.849550591,128,1,0.00070944,13600000,7.13,migrant,11.2,1.049218023,10.75,1.031408464,,,,,,,,,,,
Passeriformes,Acrocephalidae,Acrocephalus palustris,6201.7074,2,1062,6,0.000511416,366,70,0.0845,-1.073107098,0.012960073,-1.887392552,283,49,0.012219561,9490000,6.98,migrant,9.8,0.991226076,11.9,1.075546961,0.203,-0.692503962,2,1,789.1985,2.897186251,51.854863,51.854863,1.714789491,,33.20526194
Passeriformes,Acrocephalidae,Acrocephalus scirpaceus,2109.7032,1,349.33,1,0.0001145,121.67,21,0.0455,-1.342422681,0.020645,-1.685185113,96,14,0.018308,65300000,7.81,migrant,14,1.146128036,12.3,1.089905111,,,,,,,,,,,
Charadriiformes,Scolopacidae,Actitis hypoleucos,5001.7068,1,785,13,0.00057813,253,14,0.8667,-0.062147907,0.0042357,-2.373074807,181,4,0.0025142,47200000,7.67,migrant,11,1.041392685,63,1.799340549,,,2,1,3729.013,3.571593897,55.9037549,55.9037549,1.747440979,,82.67436897
Caprimulgiformes,Trochilidae,Adelomyia melanogenys,13947.372,3,2380.67,47,0.003369805,799.33,415,0.113,-0.946995473,0.133396342,-0.874856079,543,232,0.110555263,4450000,6.65,nonmigrant,,,4.65,0.667452953,,,1,1,51.27011319,1.709864276,-4.7584248,4.7584248,0.67746321,,-73.2920018
Passeriformes,Aegithalidae,Aegithalos bonvaloti,7258.032,2,1424,1,0.000259302,478,10,0.0909,-1.041392685,0.003488782,-2.457326167,362,5,0.001990871,728000,5.86,nonmigrant,,,6.75,0.829303773,,,1,1,13.6076165,1.133782061,28.39743273,28.39743273,1.453279079,,100.368875
Passeriformes,Aegithalidae,Aegithalos caudatus,10269.7875,2,1521.67,13,0.001068892,503.33,60,0.2131,-0.671386483,0.02790448,-1.554326066,376,31,0.018330418,44600000,7.65,migrant,11.1,1.045322979,8.3,0.919078092,0.199,-0.701146924,1,1,2433.224036,3.386182098,53.6537935,53.6537935,1.729600433,,76.44866605
Passeriformes,Aegithalidae,Aegithalos concinnus,24575.4309,4,3125.01,36,0.001129383,1047.99,334,0.1075,-0.968742306,0.061175402,-1.213423168,771,195,0.048692882,4080000,6.61,migrant,,,6.35,0.802773725,,,1,1,255.4743715,2.407347339,27.2834942,27.2834942,1.43589999,,107.6689022
Passeriformes,Aegithalidae,Aegithalos fuliginosus,7598.49,2,1424.67,1,4.53E-05,477.33,9,0.1,-1,0.001917884,-2.717177664,362,6,0.001833178,531000,5.73,migrant,,,6,0.77815125,,,1,1,20.66383314,1.315210886,31.8646741,31.8646741,1.503309481,,105.4001694
Caprimulgiformes,Apodidae,Aerodramus fuciphagus,7837.6926,6,2081.997,6,0.000717502,687.003,14,0.4,-0.397940009,0.007752457,-2.110560634,523,7,0.005056311,8910000,6.95,migrant,,,11.75,1.070037867,,,1,1,134.3634493,2.128281144,0.86479876,0.86479876,-0.063084942,,114.206398
Passeriformes,Leiotrichidae,Alcippe morrisonia,2870.6832,1,437.33,2,0.00019139,156.67,87,0.0227,-1.643452676,0.15218,-0.81764242,122,55,0.10684,4630000,6.67,nonmigrant,,,15.5,1.190331698,,,1,1,280.1760415,2.447430995,25.89328687,25.89328687,1.413187183,,107.3708422
Galliformes,Phasianidae,Alectoris magna,2250.4212,1,623.67,2,0.001158,204.33,6,0.2857,-0.544068044,0.0081566,-2.088490835,157,5,0.0092003,676000,5.83,nonmigrant,,,553,2.742725131,,,1,2,63.03063725,1.799551698,36.7348263,36.7348263,1.565077991,,100.2804842
Passeriformes,Tyrannidae,Alectrurus risora,1897.992,1,486.67,2,0.0007472,161.33,10,0.1818,-0.740362689,0.012171,-1.914673738,124,7,0.011437,132000,5.12,nonmigrant,,,,,,,1,3,88.99684596,1.949374616,-31.618815,31.618815,1.49994559,,-59.58166637
Caprimulgiformes,Trochilidae,Amazilia cyanocephala,2348.5824,1,404.67,13,0.0033996,117.33,2,4.3333,0.636822098,0.00066845,-3.174931072,87,2,0.00090151,788000,5.9,nonmigrant,,,5.5,0.740362689,,,1,2,25.73935571,1.410597672,16.4449658,16.4449658,1.216032975,,-91.27885314
Caprimulgiformes,Trochilidae,Amazilia tzacatl,2944.989,1,781.67,6,0.0021891,259.33,21,0.2727,-0.56427143,0.032134,-1.493035211,192,6,0.0097222,3770000,6.58,nonmigrant,,,5.075,0.705436047,,,1,3,85.3392466,1.931148804,1.68795656,1.68795656,0.227361266,,-81.67628339
Psittaciformes,Psittacidae,Amazona aestiva,2483.46,1,384,1,6.68E-05,120,15,0.0625,-1.204119983,0.015837,-1.800327083,89,9,0.019625,5800000,6.76,nonmigrant,49,1.69019608,400,2.602059991,,,1,1,363.1208423,2.560051177,-18.8546376,18.8546376,1.275418189,,-54.39709311
Psittaciformes,Psittacidae,Amazona farinosa,1588.5,1,801.67,3,0.0024948,257.33,14,0.2,-0.698970004,0.036269,-1.440464419,189,7,0.024691,11900000,7.08,nonmigrant,,,650.5,2.813247301,,,1,1,556.8954385,2.745773661,-3.84388641,3.84388641,0.584770545,,-63.3278012
Passeriformes,Passerellidae,Ammodramus maritimus,3230.4312,1,780.67,3,0.00059121,260.33,7,0.375,-0.425968732,0.0041367,-2.383345974,199,5,0.0038655,2250000,6.35,nonmigrant,9,0.954242509,23.8,1.376576957,,,,,,,,,,,
Passeriformes,Passerellidae,Amphispiza belli,4890.3255,1,862.67,1,0.00016116,280.33,23,0.0417,-1.380211242,0.023248,-1.633614403,211,10,0.011374,453000,5.66,nonmigrant,9.1,0.959041392,14.75,1.16879202,,,,,,,,,,,
Passeriformes,Maluridae,Amytornis modestus,4048.8156,1,541,9,0.0041614,197,35,0.25,-0.602059991,0.026583,-1.575396009,153,26,0.028649,581000,5.76,nonmigrant,,,18.5,1.267171728,,,1,1,28.43866165,1.453909154,-29.37968239,29.37968239,1.468047097,,138.0375617
Anseriformes,Anatidae,Anas luzonica,2676.4941,1,451,0,0,158,2,,,0.0033572,-2.474022786,126,1,0.0038647,887000,5.95,nonmigrant,,,851,2.92992956,,,1,2,23.269813,1.366792893,8.69574616,8.69574616,0.939306854,,124.2707749
Anseriformes,Anatidae,Anas platyrhynchos,3407.0316,2,935,1,0.00031555,316,3,0.25,-0.602059991,0.002539684,-2.595220317,243,3,0.003275932,127000000,8.1,migrant,29.1,1.463892989,1181.25,3.072341822,3.4,0.531478917,1,1,1543.209079,3.18842477,41.51348468,41.51348468,1.61818919,,-101.2401287
Anseriformes,Anatidae,Anas strepera,4237.917,1,697.67,2,0.00010617,232.33,10,0.1818,-0.740362689,0.0024965,-2.60266843,178,9,0.0030504,73100000,7.86,migrant,28,1.447158031,762.5,2.882239848,6.202,0.792531762,,,,,,,,,
Passeriformes,Pycnonotidae,Andropadus tephrolaemus,2109.5568,1,472.67,2,0.0004978,151.33,39,0.05,-1.301029996,0.085903,-1.065991669,109,20,0.061522,91700,4.96,nonmigrant,,,34.5,1.537819095,,,,,,,,,,,
Passeriformes,Motacillidae,Anthus correndera,2666.4345,1,487.33,2,0.00075395,169.67,8,0.2222,-0.653212514,0.010314,-1.986572873,131,3,0.0046842,9490000,6.98,nonmigrant,,,20.75,1.317018101,,,1,1,359.881054,2.556158984,-34.1495716,34.1495716,1.53338526,,-66.36609345
Passeriformes,Motacillidae,Anthus trivialis,2978.793,1,758,1,0.00023987,259,14,0.0667,-1.176091259,0.011934,-1.923213966,198,8,0.0088154,35100000,7.55,migrant,8.8,0.944482672,27,1.431363764,0.399,-0.399027104,,,,,,,,,
Struthioniformes,Apterygidae,Apteryx australis,2703.0204,1,463.33,0,0,148.67,1,,,0.0015307,-2.815109918,110,1,0.0020688,39300,4.59,nonmigrant,35,1.544068044,2602.5,3.415390738,4.029,0.605197267,1,1,1.137209825,0.055840603,-45.36396719,45.36396719,1.656711028,,167.2254897
Psittaciformes,Psittacidae,Ara militaris,519.5088,1,98,4,0.0046906,31,5,0.6667,-0.176091259,0.031868,-1.496645192,19,2,0.012733,10300000,7.01,nonmigrant,46,1.662757832,1053,3.022428371,,,1,3,50.66061758,1.70467048,8.774592147,8.774592147,0.943226939,,-90.59507755
Passeriformes,Nectariniidae,Arachnothera longirostra,7806.3468,2,1308,10,0.000824753,444,40,0.2439,-0.612783857,0.010126109,-1.994557402,334,24,0.007699436,12200000,7.09,nonmigrant,,,12.225,1.087248868,0.189,-0.723538196,1,1,296.5893573,2.472155563,18.52543672,18.52543672,1.267768455,,99.50814602
Galliformes,Phasianidae,Arborophila ardens,4938.7779,2,1628.66,6,0.001224474,534.34,6,0.8571,-0.06694679,0.003699429,-2.431865303,407,5,0.003949803,13400,4.13,nonmigrant,22.3,1.348304863,268.5,2.42894429,,,1,1,1.131622275,0.053701488,18.861913,18.861913,1.275585737,,109.5096356
Passeriformes,Pycnonotidae,Arizelocichla nigriceps,1160.4789,1,476.67,3,0.0031469,156.33,2,1,0,0.0063966,-2.194050806,117,0,0,768000,5.89,nonmigrant,,,32.875,1.516865761,,,1,1,20.19926519,1.305335571,-1.5941316,1.5941316,0.202524171,,29.49122241
Passeriformes,Passerellidae,Arremon aurantiirostris,5481.4956,2,1547.34,25,0.008569702,516.66,130,0.1908,-0.719331287,0.136682446,-0.864287258,393,76,0.106480072,3290000,6.52,nonmigrant,,,34.5,1.537819095,,,1,2,57.21693414,1.757524583,6.12581798,6.12581798,0.787164088,,-81.18488774
Passeriformes,Passerellidae,Arremon flavirostris,5288.6226,2,982.66,7,0.000837268,331.34,55,0.125,-0.903089987,0.034814752,-1.458236694,253,34,0.032679593,3610000,6.56,nonmigrant,,,26.5,1.423245874,,,,,,,,,,,
Passeriformes,Passerellidae,Arremon franciscanus,1182.4785,1,478.33,0,0,166.67,0,,,0,,133,0,0,75000,4.88,nonmigrant,,,23,1.361727836,,,1,1,4.461616757,0.649492263,-14.975123,14.975123,1.175370398,,-42.61942536
Passeriformes,Passerellidae,Arremon schlegeli,967.5,1,478.33,0,0,166.67,0,,,0,,133,0,0,381000,5.58,nonmigrant,,,27.5,1.439332694,,,1,1,15.49063756,1.190069293,1.486421,1.486421,0.172141832,,-72.00251515
Passeriformes,Passerellidae,Arremon semitorquatus,967.5,1,478.67,0,0,166.33,0,,,0,,133,0,0,472000,5.67,nonmigrant,,,25,1.397940009,,,,,,,,,,,
Passeriformes,Passerellidae,Arremon taciturnus,1182.4785,1,478.67,0,0,166.33,7,,,0.023046,-1.637404442,133,4,0.016291,9910000,7,nonmigrant,,,27,1.431363764,,,1,1,555.7491735,2.744878825,-6.12593299,6.12593299,0.787172242,,-55.36056667
Passeriformes,Artamidae,Artamus cyanopterus,2637.969,1,594.67,1,0.0002102,200.33,18,0.0526,-1.278753601,0.029742,-1.526629831,147,9,0.021259,7450000,6.87,nonmigrant,,,34,1.531478917,,,1,1,364.1611911,2.561293661,-29.288969,29.288969,1.466704084,,139.5155584
Passeriformes,Tyrannidae,Attila spadiceus,3570.3048,1,789.33,4,0.00056306,248.67,10,0.3636,-0.439332694,0.0052042,-2.283646022,186,5,0.0029869,18100000,7.26,nonmigrant,,,37.7,1.57634135,,,1,1,666.0551271,2.823510176,-4.1683879,4.1683879,0.619968127,,-61.90096686
Passeriformes,Furnariidae,Automolus ochrolaemus,4143.9888,1,779,5,0.00089031,250,56,0.0877,-1.056904851,0.061855,-1.208625189,180,28,0.042596,10700000,7.03,nonmigrant,,,38,1.579783597,,,1,1,526.8050702,2.721649946,-3.892536676,3.892536676,0.590232713,,-63.8286632
Passeriformes,Furnariidae,Automolus rubiginosus,2565.15,1,794,4,0.0028787,253,40,0.0976,-1.010723865,0.089215,-1.04956212,183,17,0.051522,9820000,6.99,nonmigrant,,,45.5,1.658011397,,,,,,,,,,,
Coraciiformes,Momotidae,Baryphthengus martii,2609.184,1,718.33,11,0.0061098,241.67,80,0.1358,-0.867092334,0.12897,-0.8895113,177,43,0.091651,6110000,6.79,nonmigrant,,,171,2.23299611,,,1,1,265.8842004,2.424692531,-7.77832472,7.77832472,0.89088607,,-67.62522934
Passeriformes,Parulidae,Basileuterus belli,3076.2954,2,563,5,0.000790941,184,34,0.1429,-0.84509804,0.048512667,-1.314144849,136,18,0.038679779,1030000,6.01,nonmigrant,,,10,1,,,1,1,28.62805204,1.456791798,21.5497688,21.5497688,1.333442615,,-103.6286464
Passeriformes,Parulidae,Basileuterus leucoblepharus,3198.2046,1,530,5,0.00060479,169,26,0.1852,-0.73239376,0.016775,-1.775337471,125,11,0.012326,1930000,6.29,nonmigrant,,,17.5,1.243038049,,,,,,,,,,,
Galliformes,Phasianidae,Bonasa bonasia,2038.4325,1,503.33,1,0.00033113,171.67,13,0.0714,-1.146128036,0.03098,-1.508918587,136,8,0.026849,30700000,7.49,nonmigrant,7.2,0.857332496,366,2.563481085,,,1,1,2396.240059,3.379530324,57.9627234,57.9627234,1.763148783,,85.39729082
Passeriformes,Locustellidae,Bradypterus graueri,12016.16648,3,2053.33,17,0.001294322,694.667,30,0.5484,-0.260912772,0.010782526,-1.967279486,533,22,0.009110527,53300,4.73,nonmigrant,,,17,1.230448921,,,1,2,1.609370587,0.20665606,-2.125466152,2.125466152,0.327454193,,29.03780148
Pelecaniformes,Arderidae,Bubulcus ibis,5158.4568,1,767.67,7,0.00040368,219.33,6,1,0,0.001959,-2.707965564,154,1,0.00012369,355000000,8.55,nonmigrant,23,1.361727836,380,2.579783597,,,1,2,4701.222637,3.672210819,-1.3897738,1.3897738,0.14294412,,22.19303361
Charadriiformes,Burhinidae,Burhinus oedicnemus,4089.0585,2,819.33,25,0.004881683,275.67,18,1.3158,0.119186408,0.009941732,-2.002537948,212,11,0.007500604,27000000,7.43,migrant,17.9,1.252853031,412.5,2.615423953,,,,,,,,,,,
Pelecaniformes,ardeidae,Butorides striata,1439.0595,1,416.33,6,0.0065195,138.67,18,0.3158,-0.500602351,0.042239,-1.374286372,106,9,0.027291,303000000,8.48,migrant,,,192.5,2.284430734,,,1,1,3764.326225,3.575687253,-1.27774832,1.27774832,0.106445319,,22.12459012
Anseriformes,Anatidae,Cairina moschata,4626.9225,1,703.67,2,0.00070323,235.33,7,0.25,-0.602059991,0.0095103,-2.021805783,179,4,0.0063233,22200000,7.35,nonmigrant,,,2140,3.330413773,,,,,,,,,,,
Passeriformes,Calcariidae,Calcarius lapponicus,4823.469,1,852.67,5,0.00034883,281.33,10,0.4545,-0.342422681,0.0054411,-2.264313292,209,5,0.0056742,38900000,7.59,migrant,6,0.77815125,28.75,1.458637849,,,,,,,,,,,
Charadriiformes,Scolopacidae,Calidris alpina,3237.9216,1,479.33,4,0.00022098,153.67,34,0.1143,-0.942008053,0.035041,-1.455423508,114,13,0.022834,51200000,7.71,migrant,28.8,1.459392488,59,1.770852012,,,1,1,7.656341629,0.884021304,58.43284246,58.43284246,1.766657013,,6.475978637
Charadriiformes,Scolopacidae,Calidris maritima,4191.885,1,511.33,4,0.0008801,163.67,11,0.3333,-0.477121255,0.0041856,-2.378242278,118,7,0.0052642,13600000,7.13,migrant,20.8,1.318063335,74.75,1.873611197,,,,,,,,,,,
Charadriiformes,Scolopacidae,Calidris ptilocnemis,4376.8515,1,775,5,0.00032258,254,6,0.7143,-0.146128036,0.0015546,-2.808381337,187,2,0.00078843,4120000,6.61,migrant,7.3,0.86332286,116.25,2.065392962,,,,,,,,,,,
Charadriiformes,Scolopacidae,Calidris temminckii,675,1,502.67,0,0,172.33,3,,,0.017408,-1.759251122,135,2,0.014815,9780000,6.99,migrant,12.9,1.11058971,20.5,1.311753861,,,,,,,,,,,
Caprimulgiformes,Trochilidae,Campylopterus rufus,1962.045,1,1013.7,2,0.0013154,294.33,0,2,0.301029996,0,,213,0,0,46600,4.67,nonmigrant,,,7.9,0.897627091,,,1,1,2.618971124,0.41813071,14.5958528,14.5958528,1.164229475,,-90.70595587
Passeriformes,Troglodytidae,Campylorhynchus brunneicapillus,993.2476104,1,159.33,5,0.0078044,53.667,12,0.3846,-0.414973348,0.054943,-1.260087631,40,7,0.041045,2840000,6.45,nonmigrant,7.3,0.86332286,40.15,1.60368555,,,1,1,171.6241728,2.234578457,29.1329821,29.1329821,1.464384942,,-105.8623084
Passeriformes,Cardinalidae,Cardinalis cardinalis,5876.8446,1,774.33,22,0.0032937,263.67,118,0.1849,-0.733124281,0.061225,-1.213071206,198,71,0.053025,10400000,7.02,nonmigrant,28.5,1.45484486,44.125,1.644684718,0.504,-0.297569464,,,,,,,,32.2,
Passeriformes,Cardinalidae,Carduelis carduelis,2944.989,1,774.33,2,0.00094705,266.67,8,0.2222,-0.653212514,0.012667,-1.897326229,204,2,0.0054466,26600000,7.42,migrant,27,1.431363764,16.75,1.224014811,,,,,,,,,,,
Passeriformes,Cardinalidae,Carduelis chloris,2944.989,1,777,1,0.0002574,264,12,0.0769,-1.113943352,0.013215,-1.878932833,203,6,0.0076628,23500000,7.37,migrant,13.6,1.133538908,25.5,1.40654018,0.47,-0.327902142,,,,,,,,,
Passeriformes,Cardinalidae,Carduelis flavirostris,4423.845,2,1138.33,1,0.000152453,391.67,36,0.027,-1.568201724,0.021117189,-1.675363893,305,26,0.018551486,21400000,7.33,migrant,6.1,0.785329835,16.25,1.210853365,,,,,,,,,,,
Passeriformes,Fringillidae,Carpodacus erythrinus,6038.1123,1,775,11,0.00028746,266,94,0.1158,-0.93633092,0.01672,-1.776763727,193,56,0.014,41700000,7.62,migrant,9,0.954242509,26,1.414973348,0.358,-0.446116973,,,,,,,,,
Passeriformes,Fringillidae,Carpodacus mexicanus,4158.795,1,782,6,0.00057201,259,26,0.2222,-0.653212514,0.011442,-1.941498057,196,14,0.0077683,14400000,7.16,nonmigrant,11.6,1.064457989,22.25,1.347330015,0.31,-0.508638306,,,,,,,,,
Passeriformes,Turdidae,Catharus frantzii,2386.749,1,380,6,0.00085131,130,40,0.1463,-0.834632606,0.036486,-1.437873746,95,23,0.02455,1120000,6.05,nonmigrant,,,30,1.477121255,,,,,,,,,,,
Passeriformes,Turdidae,Catharus fuscescens,3394.6704,1,785.33,0,0,258.67,5,,,0.0030191,-2.520122502,196,1,0.00068027,8320000,6.92,migrant,10.1,1.004321374,34,1.531478917,,,,,,,,,,,
Passeriformes,Turdidae,Catharus guttatus,4802.4288,1,860,5,0.00036389,283,31,0.1563,-0.806179974,0.044263,-1.353959154,212,15,0.029027,20000000,7.3,migrant,10.8,1.033423755,27.5,1.439332694,,,1,1,45.65082911,1.65944867,33.2196868,33.2196868,1.521395534,,-108.4862529
Passeriformes,Turdidae,Catharus minimus,3716.5788,1,862.67,3,0.00046368,280.33,9,0.3,-0.522878745,0.0057075,-2.24355408,211,6,0.0043331,13200000,7.12,migrant,7.3,0.86332286,38,1.579783597,,,,,,,,,,,
Passeriformes,Turdidae,Catharus ustulatus,4497.0744,1,822,3,0.0007606,270,39,0.075,-1.124938737,0.03324,-1.478338985,202,26,0.032981,1480000,6.17,migrant,11,1.041392685,35,1.544068044,,,,,,,,,,,
Passeriformes,Muscicapidae,Cercomela familiaris,562.5,1,287,0,0,88,0,,,0,,64,0,0,21300000,7.33,nonmigrant,,,21,1.322219295,,,,,,,,,,,
Passeriformes,Muscicapidae,Cercotrichas coryphoeus,5174.688,1,683.67,6,0.0013765,228.33,64,0.0923,-1.034762106,0.068039,-1.167242078,167,39,0.053601,1260000,6.1,nonmigrant,,,21.5,1.33243846,,,,,,,,,,,
Passeriformes,Muscicapidae,Cercotrichas signata,4753.8624,1,722,11,0.0065963,256,51,0.2115,-0.674610658,0.072337,-1.140639507,194,32,0.060671,560000,5.75,nonmigrant,,,37,1.568201724,,,,,,,,,,,
Passeriformes,Certhiidae,Certhia americana,6554.9748,1,760.67,31,0.0023844,262.33,88,0.3483,-0.458028313,0.062767,-1.202268628,193,57,0.050053,24600000,7.39,migrant,4.3,0.633468456,8.95,0.951823035,,,1,1,770.250237,2.886631841,46.266537,46.266537,1.665266994,,-102.5241718
Passeriformes,Certhiidae,Certhia familiaris,2944.989,1,772.33,2,0.0014386,268.67,14,0.1333,-0.875061263,0.025972,-1.585494606,210,6,0.01418,35200000,7.55,nonmigrant,8.2,0.913813852,8.9,0.949390007,,,1,1,2099.140067,3.322041418,51.88866732,51.88866732,1.715072517,,74.6088605
Passeriformes,Sylviidae,Chamaea fasciata,4169.7909,1,661.67,3,0.0002428,229.33,15,0.1875,-0.726998728,0.007439,-2.128485441,175,10,0.0063888,504000,5.7,nonmigrant,12.6,1.100370545,14.5,1.161368002,,,1,1,25.34706789,1.403927728,38.1926887,38.1926887,1.581980233,,-120.8955126
Charadriiformes,Charadriidae,Charadrius javanicus,526.5045,1,265.67,0,0,85.333,0,,,0,,61,0,0,1000000,6,nonmigrant,,,58.1,1.764176132,,,1,1,9.009174604,0.954685004,-6.97991314,6.97991314,0.843850018,,110.0913082
Charadriiformes,Charadriidae,Charadrius montanus,995.6658213,1,291.33,2,0.0017162,92.667,6,0.2857,-0.544068044,0.020041,-1.698080612,67,6,0.027719,1580000,6.2,migrant,10,1,99.125,1.9961832,,,,,,,,,,,
Passeriformes,Monarchidae,Chasiempis sandwichensis,2924.3136,1,517.67,8,0.0018163,178.33,50,0.1569,-0.804480189,0.060964,-1.214926546,132,26,0.039883,10400,4.02,nonmigrant,17.8,1.250420002,14.5,1.161368002,,,1,2,0.812338857,-0.090262772,19.6463393,19.6463393,1.29328164,,-155.496884
Passeriformes,Pipridae,Chiroxiphia caudata,4015.893,1,558.67,7,0.0029768,176.33,62,0.1111,-0.954242509,0.1238,-0.907279355,129,32,0.090531,1920000,6.28,nonmigrant,,,25.6,1.408239965,,,1,1,129.2197346,2.111328845,-23.4584272,23.4584272,1.370298891,,-49.78493199
Otidiformes,Otididae,Chlamydotis macqueenii,2644.488,1,517,0,0,176,1,,,0.00043706,-3.359458939,138,1,0.00055741,4920000,6.69,migrant,,,1975,3.2955671,,,,,,,,,,,
Charadriiformes,Laridae,Chlidonias hybridus,1315.485,1,346,4,0.0027617,119,7,0.5,-0.301029996,0.021289,-1.671844738,87,5,0.018646,130000000,8.11,migrant,,,84,1.924279286,,,,,,,,,,,
Charadriiformes,Laridae,Chlidonias niger,1470.6045,1,323.33,5,0.0018193,111.67,10,0.4545,-0.342422681,0.010536,-1.977324238,81,4,0.0058097,41400000,7.62,migrant,21,1.322219295,73,1.86332286,,,,,,,,,,,
Passeriformes,Zosteropidae,Chlorocharis emiliae,9914.377805,4,1815.01,21,0.00240634,608.993,63,0.3281,-0.483960679,0.035493515,-1.449850989,455,34,0.024314503,332000,5.52,nonmigrant,,,13.9,1.1430148,,,1,1,16.78602004,1.224947737,2.83945882,2.83945882,0.453235575,,113.8540229
Passeriformes,Thraupidae,Chlorophanes spiza,3199.5744,1,739,0,0,245,9,,,0.0062196,-2.206237545,186,4,0.0039939,16500000,7.22,nonmigrant,,,18.5,1.267171728,,,1,1,651.3627054,2.813822889,-2.733848129,2.733848129,0.436774385,,-64.45401822
Passeriformes,Passerellidae,Chlorospingus ophthalmicus,2083.536,1,415.33,10,0.0062008,130.67,59,0.1667,-0.77815125,0.14498,-0.838691905,94,35,0.11368,8260000,6.92,nonmigrant,,,15.5,1.190331698,,,,,,,,,,,
Ciconiiformes,Ciconiidae,Ciconia ciconia,1029,1,762.33,1,0.0013118,266.67,0,1,0,0,,207,0,0,52700000,7.72,migrant,39,1.591064607,3338,3.523486332,,,1,1,35.92931465,1.555448933,38.5823533,38.5823533,1.586388714,,-7.49017987
Passeriformes,Cinclidae,Cinclus cinclus,3502.35,1,674,2,0.00048278,226,5,0.3333,-0.477121255,0.0042726,-2.369307764,170,4,0.0038904,35900000,7.56,migrant,10.6,1.025305865,61.75,1.790636962,,,,,,,,,,,
Passeriformes,Sturnidae,Cinnyricinclus leucogaster,1044,1,780,8,0.010256,264,34,0.2286,-0.640978057,0.12879,-0.890117857,197,16,0.081218,23900000,7.38,migrant,,,44.5,1.648360011,,,,,,,,,,,
Accipitriformes,Accipitridae,Circus pygargus,6460.992,2,1287.34,16,0.001236496,449.66,23,0.6667,-0.176091259,0.008651641,-2.06290151,347,12,0.005279137,17000000,7.23,migrant,16.3,1.212187604,307.75,2.488198062,,,,,,,,,,,
Passeriformes,Climacteridae,Climacteris picumnus,4100.712,1,685,6,0.001289,239,41,0.1429,-0.84509804,0.018061,-1.743258207,184,24,0.012802,3270000,6.51,nonmigrant,,,33,1.51851394,,,1,1,210.8002024,2.323871024,-29.29729183,29.29729183,1.466827477,,145.8794846
Passeriformes,Fringillidae,Coccothraustes coccothraustes,2944.989,1,775.67,2,0.00071623,265.33,9,0.2,-0.698970004,0.0092127,-2.035613071,203,6,0.0083196,33000000,7.52,migrant,12.6,1.100370545,59,1.770852012,0.691,-0.160521953,1,1,809.9881342,2.908478657,48.885637,48.885637,1.689181279,,23.87111781
Passeriformes,Thraupidae,Coereba flaveola,7684.614,2,1397.34,4,0.000169138,480.66,46,0.0851,-1.070037867,0.022868354,-1.640765094,356,30,0.018343428,22400000,7.35,nonmigrant,8.6,0.934498451,10.3,1.012837225,0.215,-0.66756154,1,1,900.5752447,2.954520005,-7.799447,7.799447,0.892063811,,-58.75056265
Piciformes,Picidae,Colaptes auratus,231,1,178,0,0,53,0,,,0,,39,0,0,23900000,7.38,migrant,13,1.113943352,135,2.130333768,,,1,1,394.6278667,2.59618775,37.6392558,37.6392558,1.575641028,,-89.78768845
Caprimulgiformes,Trochilidae,Colibri thalassinus,5982.184192,2,920.67,20,0.001818593,261.333,17,1.1111,0.045757491,0.003033541,-2.518050131,178,8,0.003153281,9440000,6.98,altitudil migrant,,,5.25,0.720159303,,,1,5,66.26364218,1.821275303,1.727233,1.727233,0.237350927,,-83.98063025
Passeriformes,Pachycephalidae,Colluricincla harmonica,5944.2141,1,780.33,16,0.0034554,260.67,104,0.1524,-0.817069316,0.074001,-1.130762411,179,53,0.055402,12200000,7.09,nonmigrant,,,66,1.819543936,,,1,1,626.5502223,2.796955888,-25.9249977,25.9249977,1.413718727,,134.6327924
Passeriformes,Pachycephalidae,Colluricincla megarhyncha,5939.6064,2,932.33,16,0.003582884,315.67,159,0.1,-1,0.111049094,-0.95448498,208,74,0.079019031,7150000,6.85,nonmigrant,,,37,1.568201724,,,,,,,,,,,
Passeriformes,Tyrannidae,Colonia colonus,1071,1,815.33,3,0.0036795,255.67,42,0.0698,-1.156347201,0.16428,-0.784415306,189,17,0.089947,13700000,7.14,nonmigrant,,,16.5,1.217483944,,,1,1,567.5734069,2.754022039,-14.1898759,14.1898759,1.151978597,,-54.37863971
Columbiformes,Columbidae,Columbina passerina,5699.8302,2,1518,1,0.000178943,516,14,0.0667,-1.176091259,0.01286521,-1.89058312,381,8,0.010553523,27300000,7.44,migrant,7.2,0.857332496,33.25,1.52179165,,,,,,,,,,,
Columbiformes,Columbidae,Columbina talpacoti,2550.45,1,774,1,0.00036914,267,2,0.3333,-0.477121255,0.0021402,-2.66954564,205,2,0.0027875,24100000,7.38,migrant,,,22.1,1.344392274,0.413,-0.384049948,1,3,1226.634661,3.088715232,-7.83382117,7.83382117,0.893973653,,-60.4000992
Passeriformes,Muscicapidae,Copsychus malabaricus,3319.845,1,616.67,9,0.0025109,214.33,39,0.225,-0.647817482,0.03869,-1.41240127,165,19,0.025754,13900000,7.14,nonmigrant,7,0.84509804,45.625,1.659202877,0.281,-0.55129368,,,,,,,,,
Passeriformes,Climacteridae,Cormobates leucophaeus,3428.0298,1,751,7,0.0016057,263,26,0.2593,-0.586265724,0.016216,-1.790056264,206,21,0.016419,2610000,6.42,nonmigrant,,,22,1.342422681,,,,,,,,,,,
Passeriformes,Corvidae,Corvus corax,1030.96305,1,179.67,1,0.0025594,57.333,11,0.0833,-1.079181246,0.060438,-1.218689916,42,3,0.014321,137000000,8.14,nonmigrant,69,1.838849091,1292.5,3.111430552,5.5,0.740362689,1,2,7489.600881,3.874458675,73.3339963,73.3339963,1.865305352,,93.72197844
Passeriformes,Corvidae,Corvus cryptoleucus,698.6829501,1,230.33,1,0.0014472,75.667,4,0.2,-0.698970004,0.025551,-1.592592098,56,3,0.025,1790000,6.25,migrant,21.8,1.338456494,525,2.720159303,,,1,2,111.6981207,2.048045866,29.6272336,29.6272336,1.471691102,,-103.0637159
Passeriformes,Corvidae,Corvus frugilegus,1026,1,507.33,0,0,176.67,2,,,0.0075472,-2.122214141,140,1,0.0047619,37600000,7.58,migrant,22.9,1.359835482,448,2.651278014,2.616,0.41763774,,,,,,,,,
Galliformes,Phasianidae,Coturnix japonica,276.003,1,207.67,0,0,68.333,0,,,0,,53,0,0,9550000,6.98,migrant,6,0.77815125,97,1.986771734,,,1,2,29.66506242,1.472245266,44.759818,44.759818,1.650888312,,19.02026056
Passeriformes,Artamidae,Cracticus nigrogularis,3953.1456,1,640,6,0.00044823,224,20,0.2857,-0.544068044,0.0050986,-2.292549058,169,7,0.002327,9280000,6.97,nonmigrant,,,132,2.120573931,,,1,1,570.3362775,2.756130997,-24.798879,24.798879,1.39443205,,133.9372985
Passeriformes,Artamidae,Cracticus tibicen,1945.7064,1,469.33,2,0.0014751,157.67,22,0.087,-1.06069784,0.052041,-1.283654367,120,12,0.038462,10400000,7.02,nonmigrant,21,1.322219295,285,2.45484486,,,,,,,,,,,
Passeriformes,Pycnonotidae,Criniger phaeocephalus,3160.512,1,624.33,23,0.0099199,212.67,99,0.23,-0.638272164,0.16771,-0.775441041,158,56,0.13156,3600000,6.56,nonmigrant,,,31.5,1.498310554,,,,,,,,,,,
Struthioniformes,Tinamidae,Crypturellus soui,2418.0147,1,803.67,6,0.0030693,255.33,92,0.0645,-1.190331698,0.15692,-0.804321701,184,53,0.1221,15200000,7.18,nonmigrant,,,202.75,2.306960863,,,1,1,918.879545,2.963258584,-4.492189662,4.492189662,0.652458084,,-60.47726115
Passeriformes,Thraupidae,Cyanerpes caeruleus,1908.4653,1,776.67,8,0.0053648,264.33,21,0.3636,-0.439332694,0.040984,-1.387385657,200,12,0.031667,8780000,6.94,nonmigrant,17,1.230448921,10.9,1.037426498,,,1,2,545.7490715,2.736993006,-2.77493756,2.77493756,0.443253215,,-63.46562591
Passeriformes,Paridae,Cyanistes caeruleus,2944.989,1,773.67,5,0.0030159,267.33,18,0.2632,-0.579783597,0.031255,-1.505080497,207,10,0.021685,16600000,7.22,nonmigrant,14.6,1.164352856,11.1,1.045322979,0.166,-0.779891912,,,,,,,,,
Passeriformes,Corvidae,Cyanopica cyanus,11588.4408,2,1600,27,0.001621356,536,126,0.2126,-0.672439957,0.033256416,-1.478124556,396,69,0.023790697,8770000,6.94,nonmigrant,,,96.5,1.984527313,0.272,-0.565431096,1,1,520.8524977,2.716714751,47.4568499,47.4568499,1.676298907,,122.1672859
Passeriformes,Thamnophilidae,Cymbilaimus lineatus,2557.8,1,795,3,0.0015574,249,28,0.1034,-0.985276743,0.041308,-1.383965832,184,14,0.026398,9350000,6.97,nonmigrant,,,37.5,1.574031268,,,1,1,543.8927216,2.735513247,-4.2344589,4.2344589,0.626797922,,-62.68042529
Passeriformes,Neosittidae,Daphoenositta chrysoptera,3880.872,1,759.33,13,0.0068197,257.67,65,0.197,-0.705600583,0.092881,-1.032073117,188,38,0.079394,9170000,6.96,nonmigrant,,,13.5,1.130333768,,,1,1,431.3939831,2.634874083,-25.61399287,25.61399287,1.408477284,,141.2846232
Passeriformes,Furnariidae,Dendrocincla fuliginosa,3320.0244,1,789.67,5,0.0022822,254.33,72,0.0685,-1.164352856,0.10875,-0.963570734,183,41,0.087672,12300000,7.09,nonmigrant,,,40,1.602059991,0.491,-0.308918508,1,1,695.5447242,2.842325061,-3.314328337,3.314328337,0.52039553,,-63.13568257
Piciformes,Picidae,Dendrocopos major,7341.409448,2,1172.34,42,0.00406593,342.663,39,1.05,0.021189299,0.019674521,-1.706095832,239,21,0.017517453,57800000,7.76,nonmigrant,12.7,1.103803721,79,1.897627091,0.9,-0.045757491,1,1,3248.197298,3.511642401,52.312379,52.312379,1.718604471,,74.86117907
Passeriformes,Parulidae,Dendroica occidentalis,4597.7847,1,780.33,9,0.00089385,260.67,20,0.4286,-0.367976785,0.0078288,-2.106304802,198,9,0.0040367,718000,5.86,migrant,9.1,0.959041392,10.25,1.010723865,,,,,,,,,,,
Passeriformes,Parulidae,Dendroica townsendi,5998.0338,1,780.33,12,0.0024108,260.67,56,0.2105,-0.67669361,0.015634,-1.805929892,197,31,0.013113,3660000,6.56,migrant,10.7,1.029383778,9,0.954242509,,,,,,,,,,,
Passeriformes,Dicruridae,Dicrurus forficatus,7103.895,2,1279.67,12,0.001149169,445.33,64,0.1846,-0.733732111,0.014227701,-1.84686527,328,39,0.012162246,846000,5.93,nonmigrant,,,13.25,1.122215878,0.189,-0.723538196,,,,,,,,,
Passeriformes,Petroicidae,Drymodes brunneopygia,1264.5,1,629,0,0,214,1,,,0.0031153,-2.506500125,164,1,0.004065,2660000,6.42,nonmigrant,,,33.5,1.525044807,,,1,1,88.15174762,1.945230927,-31.3773795,31.3773795,1.49661667,,119.0335334
Pelecaniformes,Ardeidae,Egretta eulophotes,5983.2822,2,1010.66,0,0,345.34,27,,,0.009864057,-2.005944427,272,16,0.007058326,1240000,6.09,migrant,,,465,2.667452953,,,,,,,,,,,
Passeriformes,Tyrannidae,Elaenia frantzii,1041,1,782,0,0,259,0,,,0,,196,0,0,2230000,6.35,nonmigrant,,,17,1.230448921,,,1,2,21.33918731,1.329177876,8.36487937,8.36487937,0.922459682,,-77.53141402
Passeriformes,Tyrannidae,Elaenia martinica,2328.966,1,763.67,0,0,256.33,5,,,0.010403,-1.982841402,191,0,0,2330000,6.37,nonmigrant,13.6,1.133538908,21.25,1.327358934,,,,,,,,,,,
Caprimulgiformes,Caprimulgidae,Eleothreptus candicans,1340.8356,1,337.33,4,0.0057043,106.67,4,0.8,-0.096910013,0.010938,-1.961062081,76,2,0.010965,3100,3.49,nonmigrant,,,48.5,1.685741739,,,1,3,119.951649,2.079006223,-18.6837811,18.6837811,1.27146477,,-53.70878762
Passeriformes,Tyrannidae,Empidonax difficilis,266.997,1,199.33,0,0,67.667,1,,,0.014778,-1.830384338,52,1,0.019231,3520000,6.55,migrant,6.9,0.838849091,10.5,1.021189299,,,1,1,0.286676033,-0.542608614,23.4155442,23.4155442,1.369504256,,-109.9380821
Passeriformes,Tyrannidae,Empidonax flaviventris,1762.4718,1,637.33,0,0,208.67,5,,,0.010543,-1.977035793,157,3,0.0076433,7140000,6.85,migrant,4,0.602059991,12.5,1.096910013,,,,,,,,,,,
Passeriformes,Tyrannidae,Empidonax traillii,4861.7505,1,864.33,13,0.0013186,278.67,29,0.4333,-0.363177902,0.0084376,-2.073781067,209,20,0.0072506,9860000,6.99,migrant,11,1.041392685,13.85,1.141449773,,,,,,,,,,,
Psittaciformes,Cacatuidae,Eolophus roseicapillus,3586.7415,1,454.67,6,0.00020548,160.33,21,0.2727,-0.56427143,0.013847,-1.858644308,124,16,0.016761,10100000,7,nonmigrant,40,1.602059991,328,2.515873844,1.248,0.096214585,,,,,,,,-29.5,
Passeriformes,Petroicidae,Eopsaltria australis,5156.6904,1,741.67,13,0.0030848,254.33,72,0.1781,-0.749379508,0.099769,-1.001004381,186,41,0.073068,2380000,6.38,nonmigrant,,,21.25,1.327358934,,,1,1,110.2934,2.042549525,-29.95814453,29.95814453,1.476514912,,148.0935143
Passeriformes,Alaudidae,Eremophila alpestris,5620.642494,3,1154.993,11,0.000781133,399.0067,46,0.234,-0.630705173,0.01685067,-1.773382826,313,26,0.012660212,140000000,8.15,migrant,8,0.903089987,35,1.544068044,0.33,-0.48148606,,,,,,,,33.3,
Passeriformes,Muscicapidae,Erithacus rubecula,2834.658,1,741.33,9,0.0057854,260.67,28,0.3103,-0.508155488,0.054135,-1.266521859,198,15,0.036588,23900000,7.38,migrant,19.3,1.285557309,19.5,1.290034611,0.28,-0.552841969,,,,,,,,,
Passeriformes,Estrildidae,Estrilda astrild,2788.5654,1,758,5,0.0014658,268,14,0.3333,-0.477121255,0.019279,-1.714915497,207,7,0.011809,22200000,7.35,nonmigrant,,,8.5,0.929418926,,,,,,,,,,,
Sphenisciformes,Spheniscidae,Eudyptes chrysolophus,1527.1824,1,334.33,3,0.00099701,109.67,14,0.2,-0.698970004,0.018416,-1.734804694,81,8,0.010974,18700000,7.27,migrant,,,4850,3.685741739,8.647,0.936865459,,,,,,,,,
Sphenisciformes,Spheniscidae,Eudyptula minor,800.6162904,1,197.33,0,0,60.667,10,,,0.088757,-1.051797385,44,6,0.073427,6870000,6.84,nonmigrant,25.6,1.408239965,1300,3.113943352,3.191,0.503926804,1,1,26.30757189,1.420080766,-41.494658,41.494658,1.617992189,,172.7080567
Passeriformes,Fringillidae,Euphonia violacea,615,1,457,0,0,158,1,,,0.0063291,-2.198658042,125,1,0.008,9350000,6.97,nonmigrant,,,14.75,1.16879202,,,1,1,410.5882105,2.613406475,-8.43641713,8.43641713,0.926158045,,-51.85697974
Psittaciformes,Psittacidae,Eupsittula canicularis,4296.9999,2,1188.33,2,0.000377094,392.67,15,0.125,-0.903089987,0.012051723,-1.918950859,297,8,0.01000936,1490000,6.17,nonmigrant,,,74,1.86923172,,,,,,,,,,,
Passeriformes,Pycnonotidae,Eurillas latirostris,1854.057,1,475.67,0,0,157.33,7,,,0.015948,-1.797293773,119,6,0.017418,8380000,6.92,nonmigrant,,,30,1.477121255,,,,,,,,,,,
Falconiformes,Falconidae,Falco cherrug,2075.5197,1,684.33,1,0.00048709,224.67,6,0.1429,-0.84509804,0.013353,-1.874421151,174,2,0.0061303,21100000,7.32,migrant,15.9,1.201397124,997.5,2.998912904,,,1,1,225.0216415,2.352224288,36.894944,36.894944,1.566966855,,63.10356071
Falconiformes,Falconidae,Falco peregrinus,2617.3377,1,721,3,0.0015411,242,17,0.1667,-0.77815125,0.023646,-1.626242315,181,6,0.010743,387000000,8.59,migrant,25,1.397940009,916.25,2.962013988,,,1,2,1487.807528,3.172546752,-17.1611337,17.1611337,1.234545975,,170.7413904
Passeriformes,Muscicapidae,Ficedula parva,5275.7388,1,766.67,14,0.0049976,271.33,58,0.2373,-0.624723976,0.059818,-1.223168112,205,28,0.03825,9310000,6.97,migrant,,,10,1,,,,,,,,,,,
Suliformes,Fregatidae,Fregata andrewsi,1506.9726,1,617.33,1,0.00080994,204.67,2,0.3333,-0.477121255,0.004886,-2.311046537,154,2,0.0064935,16,1.2,migrant,25.6,1.408239965,1475,3.16879202,,,,,,,,,,,
Suliformes,Fregatidae,Fregata magnificens,5163.3036,2,821,0,0,271,7,,,0.00594919,-2.225542161,205,5,0.004435298,32700000,7.51,nonmigrant,34,1.531478917,1343.5,3.128237671,,,1,2,0.191364882,-0.718137758,16.8221146,16.8221146,1.225880587,,-65.68139101
Suliformes,Fregatidae,Fregata minor,1712.4726,1,616.67,1,0.00064865,205.33,3,0.25,-0.602059991,0.0058442,-2.23327493,155,3,0.0077419,126000000,8.1,nonmigrant,43,1.633468456,1326.25,3.122625397,,,1,1,0.00790967,-2.101841635,-7.94312442,7.94312442,0.899991365,,-14.36637497
Passeriformes,Fringillidae,Fringilla coelebs,7777.9062,2,1256.67,10,0.002180873,417.33,87,0.1136,-0.944482672,0.049554964,-1.304912835,313,59,0.041939679,28200000,7.45,migrant,29,1.462397998,26,1.414973348,0.373,-0.428291168,,,,,,,,,
Gruiformes,Rallidae,Gallirallus philippensis,1587.6,1,486,1,0.00058789,162,5,0.1667,-0.77815125,0.011758,-1.929666544,121,2,0.0047226,41700000,7.62,migrant,,,178.5,2.25163822,0.975,-0.010995384,,,,,,,,,
Galliformes,Phasianidae,Gallus gallus,8385.59369,3,1485.33,4,0.000436675,479.667,7,0.5,-0.301029996,0.005666685,-2.246670928,361,3,0.002732392,33900000,7.53,nonmigrant,30,1.477121255,913,2.960470778,6.005,0.778513012,1,7,446.6505271,2.649967851,19.797483,19.797483,1.296609979,,97.78939483
Passeriformes,Leiotrichidae,Garrulax elliotii,18306.288,5,2760.67,32,0.000681951,935.33,110,0.2883,-0.540173,0.010758203,-1.968260265,710,71,0.008656948,1800000,6.26,nonmigrant,,,56,1.748188027,,,,,,,,,,,
Passeriformes,Corvidae,Garrulus glandarius,2829.3339,1,776.33,5,0.0027193,264.67,9,0.5,-0.301029996,0.014694,-1.832859964,204,3,0.0076253,43100000,7.63,nonmigrant,17.9,1.252853031,163,2.212187604,1.386,0.14176323,,,,,,,,,
Gaviiformes,Gaviidae,Gavia immer,6489.5415,2,1196,2,0.000101397,403,3,0.5,-0.301029996,0.000598292,-3.223086804,311,3,0.000789448,27200000,7.43,migrant,24.1,1.382017043,3630,3.559906625,,,,,,,,,,,
Charadriiformes,Laridae,Gelochelidon nilotica,2505.9867,1,536.33,7,0.0036854,180.67,6,1,0,0.0067974,-2.167657173,136,2,0.001548,145000000,8.16,migrant,16,1.204119983,225,2.352182518,,,1,2,135.7544378,2.132754036,-36.3125878,36.3125878,1.5600572,,-60.12673804
Columbiformes,Columbidae,Geotrygon saphirina,1548,1,776,11,0.0094502,256,38,0.2821,-0.549671922,0.098958,-1.004549091,188,17,0.060284,1310000,6.12,nonmigrant,,,169.2,2.228400359,,,1,1,46.40752525,1.66658841,-2.8766343,2.8766343,0.458884655,,-73.5126399
Strigiformes,Strigidae,Glaucidium brasilianum,3553.6449,1,664.33,8,0.0014153,232.67,18,0.4211,-0.375663614,0.010493,-1.979100327,177,9,0.0058186,25100000,7.4,nonmigrant,,,75,1.875061263,,,1,1,1209.025299,3.082435389,-7.4741729,7.4741729,0.87356314,,-61.03638692
Passeriformes,Furnariidae,Glyphorynchus spirurus,8862.030441,5,1511.67,88,0.011010249,489.333,204,0.4293,-0.367271189,0.098070163,-1.008463103,335,102,0.070070552,13500000,7.13,nonmigrant,,,15.75,1.197280558,,,,,,,,,,,
Passeriformes,Thraupidae,Gubernatrix cristata,522.0045,1,265.67,1,0.0025094,82.333,1,0.5,-0.301029996,0.0080972,-2.091665134,60,0,0,1820000,6.26,nonmigrant,,,48.4,1.684845362,,,,,,,,,,,
Passeriformes,Troglodytidae,Henicorhina leucophrys,4184.7936,1,734,16,0.0050736,262,92,0.172,-0.764362966,0.11856,-0.926061809,188,50,0.086188,8700000,6.94,nonmigrant,,,15.6,1.193124598,,,1,1,59.99165437,1.778090838,3.13346934,3.13346934,0.49602545,,-75.16979481
Passeriformes,Troglodytidae,Henicorhina leucosticta,3451.7457,1,856,9,0.0050977,287,72,0.1233,-0.909080351,0.13045,-0.884555917,213,41,0.099872,8050000,6.91,nonmigrant,,,15.7,1.195899652,,,,,,,,,,,
Passeriformes,Hirundinidae,Hirundo rustica,4714.392,1,666,5,0.00015759,222,16,0.2941,-0.531478917,0.012364,-1.907841004,165,9,0.0046191,205000000,8.31,migrant,16,1.204119983,20,1.301029996,0.315,-0.501689446,1,2,169.4213771,2.228968207,35.41312825,35.41312825,1.549164292,,91.46073171
Procellariiformes,Hydrobatidae,Hydrobates pelagicus,1887.4698,1,679,0,0,227,9,,,0.022026,-1.657064365,174,6,0.01954,84900000,7.93,migrant,33.8,1.5289167,26.5,1.423245874,,,1,1,4798.372757,3.681093983,12.8674,12.8674,1.109490802,,-20.46753669
Charadriiformes,Laridae,Hydroprogne caspia,456,1,339,0,0,117,1,,,0.008547,-2.068186296,87,1,0.011494,226000000,8.35,migrant,30,1.477121255,678,2.831229694,,,1,1,389.4517524,2.590453662,-28.85557159,28.85557159,1.460229682,,143.3342813
Passeriformes,Vireonidae,Hylophilus ochraceiceps,3394.6704,1,777,9,0.0027211,267,104,0.0857,-1.06694679,0.097093,-1.01281208,199,59,0.077148,10600000,7.03,nonmigrant,,,10.95,1.039414119,,,,,,,,,,,
Passeriformes,Nectariniidae,Hypogramma hypogrammicum,3518.7195,1,643.67,6,0.00073561,223.33,26,0.2222,-0.653212514,0.017843,-1.748532125,167,16,0.013904,6220000,6.79,nonmigrant,,,11.55,1.062581984,0.172,-0.764471553,,,,,,,,,
Passeriformes,Monarchidae,Hypothymis azurea,3618.5367,1,720,7,0.0010215,249,49,0.14,-0.853871964,0.035766,-1.446529628,186,26,0.027349,19800000,7.3,migrant,,,12.5,1.096910013,0.18,-0.744727495,1,1,603.2187874,2.780474859,2.4716957,2.4716957,0.392995002,,94.27972614
Passeriformes,Icteridae,Icterus abeillei,3004.4784,1,692.67,1,0.00019249,231.33,3,0.25,-0.602059991,0.0017291,-2.762179889,176,1,0.00075758,351000,5.55,migrant,,,34,1.531478917,,,,,,,,,,,
Passeriformes,Icteridae,Icterus galbula,3278.0748,1,692.67,1,0.00027354,231.33,11,0.0833,-1.079181246,0.007417,-2.129771721,175,7,0.0053534,6750000,6.83,migrant,14,1.146128036,33.75,1.528273777,0.504,-0.297569464,,,,,,,,,
Passeriformes,Icteridae,Icterus northropi,2368.596,2,551.337,1,0.000242983,180.663,0,1,0,0,,141,0,0,8200,3.91,nonmigrant,,,38.8,1.588831726,,,1,1,0.469429264,-0.32842984,24.69552569,24.69552569,1.392618275,,-78.05107842
Ciconiiformes,Ciconiidae,Jabiru mycteria,754.5868638,1,165.33,6,0.0063888,41.667,2,2,0.301029996,0.013818,-1.859554812,26,1,0.018648,18000000,7.26,migrant,27.4,1.437750563,6164.5,3.789897857,,,1,1,763.4779433,2.882796495,-11.152846,11.152846,1.047385705,,-59.35195675
Galliformes,Phasianidae,Lagopus lagopus,675,1,343.67,0,0,106.33,0,,,0,,80,0,0,55900000,7.75,nonmigrant,9,0.954242509,648.75,2.812077371,2.872,0.458184436,1,2,3059.753492,3.485686439,69.287941,69.287941,1.840657656,,112.4621767
Galliformes,Phasianidae,Lagopus muta,4427.6841,1,777.67,7,0.0010066,251.33,4,1.4,0.146128036,0.0020472,-2.688839727,194,2,0.0021612,77700000,7.89,altitudil migrant,,,608.5,2.784260583,2.738,0.437433444,1,2,2940.653848,3.468443906,7.44215664,7.44215664,0.871698807,,147.9717204
Passeriformes,Campephagidae,Lalage tricolor,3519.3087,1,776.33,5,0.00075771,264.67,23,0.2083,-0.681241237,0.018614,-1.73016029,204,14,0.01521,10300000,7.01,migrant,,,28.75,1.458637849,,,1,1,408.0701586,2.610734837,-21.693628,21.693628,1.336332189,,133.7870595
Camprimulgiformes,Trochilidae,Lampornis amethystinus,2159.879421,2,561.33,9,0.004274941,182.667,15,0.5625,-0.249877473,0.028481183,-1.545441976,135,10,0.027100612,965000,5.98,nonmigrant,,,5.9,0.770852012,,,1,1,16.595111,1.219980162,19.7132265,19.7132265,1.294757712,,-103.0077476
Passeriformes,Laniidae,Lanius collurio,2944.989,1,776.67,1,0.00025751,264.33,17,0.0556,-1.255272505,0.024632,-1.608500324,202,7,0.013861,18900000,7.28,migrant,10.1,1.004321374,28.25,1.451018452,0.383,-0.416801226,,,,,,,,,
Passeriformes,Laniidae,Lanius meridionalis,915.0297,1,232,1,0.0013062,71,0,1,0,0,,50,0,0,763000,5.88,nonmigrant,,,60,1.77815125,,,,,,,,,,,
Charadriiformes,Laridae,Larus heermanni,6430.908,1,781,17,0.00076391,251,18,0.8947,-0.04830468,0.00085547,-3.067795216,181,12,0.00087804,1100000,6.04,migrant,24,1.380211242,507,2.705007959,,,1,1,77.18781604,1.887548753,27.48431564,27.48431564,1.439084927,,-114.1657411
Charadriiformes,Laridae,Larus relictus,1023,1,765,1,0.0013072,258,0,1,0,0,,195,0,0,2670000,6.43,migrant,,,542.5,2.734399743,,,,,,,,,,,
Passeriformes,Furnariidae,Lepidocolaptes affinis,7964.6679,2,1390.33,15,0.00090113,460.67,46,0.3191,-0.496006599,0.012351399,-1.908283849,347,22,0.007829449,1010000,6,nonmigrant,,,31.75,1.50174373,,,1,1,20.21885446,1.305756546,19.31697291,19.31697291,1.285939071,,-98.06714415
Passeriformes,Pipridae,Lepidothrix coronata,2543.1,1,793,4,0.0020417,245,71,0.0556,-1.255272505,0.1104,-0.957030927,176,34,0.068723,5050000,6.7,nonmigrant,,,8.5,0.929418926,0.15,-0.823908741,1,4,263.4024403,2.420619794,-3.546262435,3.546262435,0.549770872,,-69.62160754
Passeriformes,Fringillidae,Leucosticte tephrocotis,4325.1417,1,766.33,1,0.00013032,256.67,3,0.25,-0.602059991,0.0025133,-2.599755669,194,1,0.00026434,10600000,7.03,migrant,6.6,0.819543936,25,1.397940009,,,,,,,,,,,
Charadriiformes,Scolopacidae,Liocichla steerii,5199.4998,1,767.67,8,0.00034101,255.33,34,0.2286,-0.640978057,0.0089691,-2.047251134,188,19,0.0061336,16200,4.21,nonmigrant,,,32,1.505149978,,,1,1,1.278926974,0.106845747,23.83926234,23.83926234,1.377292813,,121.1015686
Passeriformes,Thraupidae,Loxigilla noctis,2808.507,1,689.33,5,0.002198,240.67,9,0.5,-0.301029996,0.012277,-1.910907744,181,5,0.010631,167000,5.22,nonmigrant,,,18.25,1.261262869,,,,,,,,,,,
Passeriformes,Fringillidae,Loxops coccineus,8707.0959,2,1669.67,26,0.002675176,454.33,19,1.3,0.113943352,0.006198805,-2.207692025,296,8,0.003788893,2300,3.36,nonmigrant,10,1,11.1,1.045322979,,,1,3,0.698108312,-0.156077191,19.58583715,19.58583715,1.291942139,,-155.512978
Passeriformes,Muscicapidae,Luscinia svecica,2133.807,1,294,4,0.001828,96,16,0.2353,-0.62838893,0.0040119,-2.396649901,70,10,0.0035959,41200000,7.61,migrant,11.4,1.056904851,18.5,1.267171728,0.358,-0.446116973,,,,,,,,66,
Passeriformes,Timaliidae,Macronous gularis,3148.0149,1,626,13,0.0050817,217,79,0.1625,-0.789146635,0.11544,-0.937643682,158,50,0.09989,11000000,7.04,nonmigrant,,,12,1.079181246,,,,,,,,,,,
Passeriformes,Pellorneidae,Malacocincla malaccensis,3064.248,1,592,8,0.0038789,203,87,0.0909,-1.041392685,0.17498,-0.757011588,144,46,0.13014,3190000,6.5,nonmigrant,,,22.75,1.356981401,,,,,,,,,,,
Passeriformes,Meliphagidae,Manorina melanocephala,3230.4312,1,778.67,4,0.00079031,262.33,22,0.1739,-0.759667845,0.021797,-1.661603276,197,13,0.017571,3520000,6.55,nonmigrant,,,62.925,1.798823224,,,,,,,,,,,
Piciformes,Picidae,Melanerpes chrysogenys,4430.0592,2,757,9,0.001596532,251,18,0.4737,-0.324511092,0.014626595,-1.834856764,197,14,0.015040095,395000,5.6,nonmigrant,,,71.5,1.854306042,,,1,1,13.88990785,1.142699365,19.4544361,19.4544361,1.289018647,,-102.3949363
Psittaciformes,Psittacidae,Melopsittacus undulatus,1974.4641,1,803.33,0,0,273.67,0,,,0,,211,0,0,7160000,6.85,nonmigrant,21,1.322219295,27.5,1.439332694,0.298,-0.525783736,,,,,,,,,
Passeriformes,Passerellidae,Melospiza melodia,4836.2295,1,855.33,6,0.00061005,281.67,11,0.5,-0.301029996,0.0039281,-2.405817465,213,6,0.0040207,26700000,7.43,migrant,11.3,1.053078443,32.45,1.511214701,0.25,-0.602059991,1,1,558.6364334,2.747129256,41.221393,41.221393,1.615122664,29.7,-102.8224136
Anseriformes,Anatidae,Mergus octosetaceus,786.45,1,240,6,0.014286,81,19,0.3,-0.522878745,0.12463,-0.904377405,59,9,0.085553,1270000,6.1,nonmigrant,,,650,2.812913357,,,1,2,114.5772771,2.059098497,-21.1524958,21.1524958,1.325361617,,-49.17594575
Coraciiformes,Meropidae,Merops apiaster,10151.616,2,1327.67,27,0.000743586,448.33,72,0.3699,-0.431959096,0.007289361,-2.137310541,344,39,0.004823832,55700000,7.75,migrant,5.9,0.770852012,61,1.785329835,,,1,1,38.32981026,1.583536669,-3.4171468,3.4171468,0.533663636,,23.04431999
Passeriformes,Polioptilidae,Microbates cinereiventris,1963.4643,1,801.67,6,0.0037422,269.33,66,0.0896,-1.047923552,0.12438,-0.905249448,199,42,0.1072,2570000,6.41,nonmigrant,,,12,1.079181246,,,1,3,45.06899343,1.653877859,-0.545357567,0.545357567,-0.263318657,,-76.75681674
Passeriformes,Troglodytidae,Microcerculus marginatus,3628.7856,1,835.67,5,0.0021882,280.33,76,0.0649,-1.187520721,0.11646,-0.933823214,200,41,0.089048,8480000,6.93,nonmigrant,,,18.8,1.274157849,,,1,3,391.9015583,2.59317699,-5.7272294,5.7272294,0.757944579,,-65.65015298
Accipitriformes,Accipitridae,Milvus migrans,1479.5784,1,492.33,1,0.00067705,155.67,4,0.2,-0.698970004,0.011563,-1.936929474,114,3,0.011111,181000000,8.26,migrant,24,1.380211242,847,2.92788341,,,1,1,3175.168269,3.501766746,-0.61174338,0.61174338,-0.213430722,,21.07312193
Passeriformes,Tyrannidae,Mionectes oleagineus,2699.2089,1,776.67,3,0.0011956,264.33,2,1,0,0.0025671,-2.590557213,202,1,0.0012376,16600000,7.22,nonmigrant,,,12,1.079181246,0.163,-0.787812396,1,1,735.2247087,2.866420094,-1.94478811,1.94478811,0.288872291,,-64.89391815
Coraciiformes,Momotidae,Momotus mexicanus,4323.1152,2,842.66,7,0.00166041,297.34,54,0.1273,-0.895264649,0.068087614,-1.166931885,232,36,0.059418808,924000,5.97,nonmigrant,10.4,1.017033339,87.5,1.942008053,,,1,1,27.90741938,1.445719679,19.9654893,19.9654893,1.300279958,,-101.772882
Passeriformes,Muscicapidae,Monticola brevipes,562.5,1,286,0,0,89,1,,,0.0074906,-2.125483394,68,0,0,2180000,6.34,nonmigrant,,,33,1.51851394,,,1,1,93.23890694,1.969597174,-24.47159271,24.47159271,1.388662236,,19.98229125
Passeriformes,Muscicapidae,Monticola rupestris,375,1,286,0,0,89,0,,,0,,68,0,0,1050000,6.02,nonmigrant,,,62,1.792391689,,,1,1,51.78675535,1.714218702,-29.13938389,29.13938389,1.464480365,,27.5969917
Passeriformes,Passeridae,Montifringilla adamsi,4120.8381,2,1134.67,1,0.000211852,395.33,23,0.0417,-1.380211242,0.016906276,-1.771952045,309,13,0.012465818,1960000,6.29,nonmigrant,,,,,,,,,,,,,,,
Passeriformes,Passeridae,Montifringilla ruficollis,3594.0552,1,656,5,0.0013315,223,23,0.2083,-0.681241237,0.017617,-1.754068046,169,14,0.016771,2410000,6.38,nonmigrant,,,25.5,1.40654018,,,,,,,,,,,
Passeriformes,Passeridae,Montifringilla taczanowskii,5732.5545,2,1045.33,20,0.001298665,361.67,56,0.3509,-0.45484486,0.013229353,-1.878461395,277,31,0.010905148,2000000,6.3,nonmigrant,,,32.5,1.511883361,,,,,,,,,,,
Passeriformes,Muscicapidae,Muscicapa striata,2944.989,1,782,4,0.0014209,259,10,0.3636,-0.439332694,0.0093522,-2.029086214,191,5,0.0052356,32400000,7.51,migrant,11.8,1.071882007,16.55,1.218797998,0.247,-0.607303047,,,,,,,,,
Ciconiiformes,Ciconiidae,Mycteria americana,555.0451632,1,116.67,0,0,27.333,0,,,0,,16,0,0,28600000,7.46,migrant,6.5,0.812913357,2500,3.397940009,,,1,1,1223.361996,3.087554985,-1.7484231,1.7484231,0.242646536,,-57.39333705
Passeriformes,Monarchidae,Myiagra ruficollis,4781.3433,2,992.33,2,0.000365157,336.67,11,0.1667,-0.77815125,0.006631794,-2.178368973,249,6,0.0064432,5130000,6.71,nonmigrant,,,12,1.079181246,,,,,,,,,,,
Passeriformes,Parulidae,Myioborus miniatus,5137.604672,2,1039.67,10,0.002910006,352.333,80,0.1235,-0.908485019,0.075746203,-1.120639133,261,45,0.059636415,11300000,7.05,nonmigrant,,,10.5,1.021189299,,,,,,,,,,,
Passeriformes,Parulidae,Myiothlypis coronata,3601.5273,1,625.67,3,0.00095229,211.33,28,0.1034,-0.985276743,0.028836,-1.540064983,158,17,0.024758,3090000,6.49,nonmigrant,,,16.5,1.217483944,,,1,1,34.32919379,1.535663604,2.21384363,2.21384363,0.345146942,,-76.08108278
Passeriformes,Thamnophilidae,Myrmotherula axillaris,3320.0244,1,791,6,0.0020422,253,23,0.25,-0.602059991,0.028276,-1.548582027,189,13,0.021978,10400000,7.02,nonmigrant,,,7.25,0.860338007,0.216,-0.665546249,1,1,633.7044795,2.801886777,-4.311828167,4.311828167,0.634661445,,-62.22433719
Passeriformes,Thamnophilidae,Myrmotherula gularis,7917.9795,2,1270,11,0.000791216,419,21,0.5,-0.301029996,0.005201225,-2.283894359,318,14,0.004590517,847000,5.93,nonmigrant,,,11,1.041392685,,,,,,,,,,,
Passeriformes,Meliphagidae,Myzomela erythrocephala,5561.051985,2,1027.67,8,0.001734536,364.333,30,0.2581,-0.588271707,0.028198066,-1.549780677,283,20,0.025410146,2960000,6.47,nonmigrant,,,9,0.954242509,,,1,1,36.81222559,1.565992075,-15.3599658,15.3599658,1.186390249,,129.5269431
Passeriformes,Meliphagidae,Nesoptilotis leucotis,4460.0556,1,738.67,9,0.002632,248.33,33,0.2647,-0.577236408,0.034845,-1.457859531,187,24,0.036131,5670000,6.75,nonmigrant,,,25.475,1.406114193,,,1,1,187.5473906,2.273111026,-31.3347685,31.3347685,1.49602649,,146.0474354
Strigiformes,Strigidae,Ninox scutulata,4310.1879,1,685,6,0.00028718,236,20,0.2857,-0.544068044,0.023724,-1.624812085,177,9,0.015406,15300000,7.18,nonmigrant,,,179.5,2.254064453,,,1,2,445.2236146,2.648578191,19.93371658,19.93371658,1.299588279,,93.53997426
Charadriiformes,Scolopacidae,Numenius tahitiensis,3023.46,1,508.33,4,0.0012124,166.67,4,0.8,-0.096910013,0.004418,-2.354774288,124,1,0.0019816,95900,4.98,migrant,23.8,1.376576957,493.75,2.693507109,,,,,,,,,,,
Galliformes,Numididae,Numida meleagris,516,1,387.33,14,0.036145,128.67,6,2,0.301029996,0.046632,-1.331315958,103,0,0,24500000,7.39,nonmigrant,,,1479.75,3.170188349,,,,,,,,,,,
Caprimulgiformes,Trochilidae,Orthorhyncus cristatus,2112.4662,1,758,4,0.0021108,256,12,0.3077,-0.511883361,0.01875,-1.726998728,190,10,0.021053,252000,5.4,nonmigrant,,,9,0.954242509,,,1,1,0.652550789,-0.185385681,14.64852353,14.64852353,1.165793853,,-61.02119103
Passeriformes,Cisticolidae,Orthotomus sericeus,7760.8395,2,1562.34,8,0.000867584,537.66,49,0.16,-0.795880017,0.015396461,-1.812579094,408,28,0.009881781,4430000,6.65,nonmigrant,,,7,0.84509804,,,1,1,86.98536249,1.939446178,0.34979575,0.34979575,-0.456185471,,113.876304
Otidiformes,Otididae,Otis tarda,1409.852044,1,233.33,1,0.00047511,78.667,5,0.1667,-0.77815125,0.019701,-1.705511729,59,2,0.0089731,21700000,7.34,migrant,28.3,1.451786436,8100,3.908485019,,,1,1,53.36780552,1.727279345,35.89354948,35.89354948,1.555016407,,47.33615557
Passeriformes,Pachycephalidae,Pachycephala lanioides,5310.103724,2,954.67,9,0.001760177,317.333,24,0.36,-0.443697499,0.024777091,-1.605949684,232,11,0.013854193,2010000,6.3,nonmigrant,,,41,1.612783857,,,1,1,21.68768331,1.336213163,-14.72434215,14.72434215,1.168035901,,134.9266956
Passeriformes,Pachycephalidae,Pachycephala melanura,6055.21305,2,1048,9,0.001388954,344.003,52,0.1698,-0.77003336,0.033841339,-1.470552462,247,28,0.022905452,6190000,6.79,nonmigrant,,,22.5,1.352182518,,,,,,,,,,,
Procellariiformes,Procellariidae,Pagodroma nivea,3871.0224,1,612.33,1,5.02E-05,203.67,11,0.0833,-1.079181246,0.0052641,-2.278675869,154,6,0.005201,66900000,7.83,migrant,46,1.662757832,386,2.586587305,,,1,1,6272.134369,3.797415354,-62.25556583,62.25556583,1.794178185,,-25.43765404
Accipitriformes,Pandionidae,Pandion haliaetus,4276.513093,2,747.67,9,0.001827546,251.333,48,0.1837,-0.735953571,0.035679143,-1.447585586,193,26,0.024251325,228000000,8.36,migrant,32,1.505149978,1510,3.178976947,5.522,0.742096402,1,1,476.4398388,2.678008069,-2.84625418,2.84625418,0.454273681,,134.7494272
Suliformes,Sulidae,Papasula abbotti,822,1,619.67,1,0.0016138,202.33,1,0.5,-0.301029996,0.0049423,-2.306070896,152,0,0,688000,5.84,migrant,,,1540,3.187520721,,,1,1,55.99961181,1.748185016,-1.7287374,1.7287374,0.237729028,,107.1075533
Passeriformes,Sylviidae,Paradoxornis webbianus,10836.5238,2,1574.34,35,0.001049679,528.66,162,0.2147,-0.66811956,0.029542169,-1.529557622,393,103,0.024167318,5480000,6.74,nonmigrant,,,9.625,0.983400738,,,,,,,,,,,
Passeriformes,Pardalotidae,Pardalotus punctatus,4504.0947,1,773,6,0.00058165,268,16,0.3529,-0.452297671,0.0047437,-2.323882784,205,10,0.0048402,6910000,6.84,nonmigrant,,,9.5,0.977723605,,,1,1,207.2456903,2.316485508,-31.55725959,31.55725959,1.499099282,,145.2109959
Passeriformes,Pardalotidae,Pardalotus striatus,4219.4064,1,701.33,13,0.0029413,240.67,61,0.2097,-0.678448337,0.091531,-1.038431793,180,35,0.070522,9930000,7,migrant,,,12,1.079181246,,,,,,,,,,,
Passeriformes,Paridae,Parus major,2112.4662,1,746.33,0,0,267.67,1,,,0.0014944,-2.825533141,211,0,0,89800000,7.95,nonmigrant,15.4,1.187520721,17,1.230448921,0.3,-0.522878745,1,1,3861.015568,3.586701553,45.45398,45.45398,1.657571917,65,73.51037273
Passeriformes,Paridae,Parus monticolus,1848,2,1370.66,0,0,477.34,1,,,0.002150722,-2.667415722,371,1,0.002800584,7470000,6.87,altitudil migrant,,,14.4,1.158362492,,,1,1,156.6628603,2.194966051,29.39956131,29.39956131,1.46834085,,102.1137496
Passeriformes,Passeridae,Passer domesticus,1555.74,1,447.67,0,0,152.33,1,,,0.0035167,-2.453864679,118,0,0,76600000,7.88,nonmigrant,23,1.361727836,29.5,1.469822016,0.28,-0.552841969,1,4,7119.069696,3.852423245,79.87463637,79.87463637,1.902408894,,28.71215549
Passeriformes,Passeridae,Passer hispaniolensis,2278.152,1,446.67,0,0,150.33,6,,,0.0044823,-2.34849908,116,2,0.0019363,16200000,7.21,migrant,11.2,1.049218023,30,1.477121255,,,,,,,,,,,
Passeriformes,Passeridae,Passer italiae,3150.8004,1,717.67,2,0.00037157,251.33,1,1,0,0.00098522,-3.006466781,193,0,0,1100000,6.04,nonmigrant,20,1.301029996,26.5,1.423245874,,,,,,,,,,,
Passeriformes,Passerellidae,Passerculus sandwichensis,4208.3928,1,614.33,9,0.0028024,213.67,34,0.2571,-0.589825535,0.023443,-1.629986812,164,26,0.024191,33700000,7.53,migrant,18,1.255272505,22.75,1.356981401,0.221,-0.655607726,1,1,61.27986261,1.787317783,23.14535746,23.14535746,1.364463892,29.7,-103.3106003
Passeriformes,Cardinalidae,Passerina leclancherii,6264.8331,2,1004.33,10,0.000628006,348.67,42,0.2326,-0.633468456,0.01800661,-1.744568042,271,30,0.013983065,276000,5.44,nonmigrant,,,13.55,1.131939295,,,1,1,12.00738013,1.07944826,18.32275314,18.32275314,1.26299073,,-100.9170142
Columbiformes,Columbidae,Patagioenas subvinacea,2156.2155,1,776.67,0,0,258.33,9,,,0.01471,-1.832387327,195,6,0.013333,9170000,6.96,migrant,,,172,2.235528447,,,1,2,564.3072488,2.751515629,-2.694814719,2.694814719,0.430528911,,-64.42592459
Procellariiformes,Oceanitidae,Pelagodroma marina,2979.072,1,717.33,6,0.0038605,242.67,50,0.1176,-0.929418926,0.10281,-0.987964641,181,30,0.085706,281000000,8.45,migrant,,,54,1.73239376,,,1,1,9526.277832,3.978923243,-22.46511851,22.46511851,1.351508714,,111.9125265
Procellariiformes,Procellariidae,Pelecanoides garnotii,4169.088,1,595.67,7,0.0010159,196.33,7,0.875,-0.057991947,0.0055555,-2.255276848,145,2,0.0022004,2420000,6.38,migrant,,,207,2.315970345,,,1,1,41.78096467,1.620978463,-21.8714458,21.8714458,1.339877493,,-74.56939304
Pelecaniformes,Pelecanidae,Pelecanus occidentalis,5261.5962,1,713.67,2,0.00077981,240.33,3,0.5,-0.301029996,0.0041297,-2.384081496,183,2,0.0036157,18600000,7.27,migrant,43,1.633468456,3500,3.544068044,,,1,1,157.5387131,2.197387293,19.82149416,19.82149416,1.297136389,,-80.34545649
Passeriformes,Pellorneidae,Pellorneum capistratum,2651.9316,1,572.67,13,0.0097583,198.33,107,0.1204,-0.919480403,0.22663,-0.644682601,136,59,0.18257,177000,5.25,nonmigrant,,,24,1.380211242,,,1,1,9.962333519,0.998361077,-7.3424584,7.3424584,0.865841495,,109.9387541
Passeriformes,Petroicidae,Peneoenanthe pulverulenta,5955.659165,2,1034,16,0.003844707,357.997,54,0.2909,-0.536242707,0.05027754,-1.29862598,266,34,0.039208234,6130000,6.79,nonmigrant,,,21,1.322219295,,,,,,,,,,,
Passeriformes,Paridae,Periparus ater,2821.1802,1,768.33,4,0.0024584,269.67,39,0.1,-1,0.077874,-1.108607517,207,25,0.063875,52500000,7.72,nonmigrant,9.5,0.977723605,9.6,0.982271233,0.236,-0.627087997,,,,,,,,,
Passeriformes,Corvidae,Perisoreus canadensis,6139.6098,1,771.67,21,0.0026631,269.33,85,0.2442,-0.612279157,0.067983,-1.167599674,200,54,0.057001,16900000,7.23,nonmigrant,19.2,1.283301229,67.5,1.829303773,,,1,2,1054.262279,3.022948668,56.66464817,56.66464817,1.753312197,,-105.3848534
Passeriformes,Passerellidae,Peucaea aestivalis,3627.9138,1,779.33,2,0.00027014,258.67,17,0.1111,-0.954242509,0.0095406,-2.020424312,196,10,0.0062657,1650000,6.22,nonmigrant,3.9,0.591064607,20.5,1.311753861,,,1,1,54.86761624,1.739316092,31.49125925,31.49125925,1.498190027,,-84.33146717
Psittaciformes,Psittacidae,Pezoporus wallicus,178.0974,1,58,0,0,20,0,0,,0,,16,0,0,3540000,6.55,migrant,,,130,2.113943352,,,1,1,19.63862231,1.293111018,-36.237259,36.237259,1.55915534,,149.0336916
Passeriformes,Parulidae,Phaeothlypis fulvicauda,1071,1,806,5,0.0062035,265,55,0.0893,-1.049218023,0.20755,-0.682877262,199,28,0.1407,4500000,6.65,nonmigrant,,,14.9,1.173186268,,,,,,,,,,,
Caprimulgiformes,Trochilidae,Phaethornis longirostris,1792.9674,1,729.33,1,0.00091408,248.67,1,0.5,-0.301029996,0.0020107,-2.696652722,190,0,0,1650000,6.22,nonmigrant,,,5.75,0.759667845,,,1,1,44.39835447,1.647366874,12.18984,12.18984,1.085998005,,-82.56425279
Suliformes,Phalacrocorcidae,Phalacrocorax atriceps,3636.2655,1,528.67,1,0.00093326,188.33,5,0.1667,-0.77815125,0.0044254,-2.354047468,144,1,0.00015432,26800000,7.43,migrant,,,2483,3.39497672,14.949,1.174612142,,,,,,,,,
Suliformes,Phalacrocorcidae,Phalacrocorax magellanicus,3577.83,1,529,1,4.56E-05,188,8,0.1111,-0.954242509,0.012558,-1.901079521,145,6,0.010153,1310000,6.12,migrant,,,1500,3.176091259,,,,,,,,,,,
Galiformes,Phasianidae,Phasianus colchicus,5096.4084,1,862.67,14,0.00079843,280.33,22,0.6087,-0.2155998,0.0088088,-2.05508325,207,13,0.0043626,20900000,7.32,nonmigrant,27,1.431363764,1189.5,3.075364446,,,1,3,1879.918524,3.274139027,54.8997523,54.8997523,1.739570385,,63.89872636
Passeriformes,Cardinalidae,Pheucticus melanocephalus,6212.7057,1,695.67,14,0.00080751,243.33,88,0.1573,-0.803261971,0.039578,-1.402546156,187,55,0.027277,6580000,6.82,migrant,25,1.397940009,42,1.62324929,,,1,1,42.59840187,1.629393306,2.8875715,2.8875715,0.460532747,,-101.2558891
Passeriformes,Vangidae,Philentoma pyrhoptera,2904.4281,1,612.67,7,0.0017945,218.33,21,0.3182,-0.497324641,0.020838,-1.681143966,165,14,0.016658,3680000,6.57,nonmigrant,,,19.5,1.290034611,,,1,1,99.60494444,1.998280898,0.86491241,0.86491241,-0.063027871,,114.206646
Phoenicopteriformes,Phoenicopteridae,Phoeniconaias minor,5906.208,2,1538.34,5,0.000624392,513.66,15,0.3125,-0.505149978,0.006795735,-2.167763565,386,9,0.004837094,27700000,7.44,migrant,41,1.612783857,1750,3.243038049,,,1,1,21.18230316,1.325973179,-28.8366354,28.8366354,1.459944586,,25.84714342
Phoenicopteriformes,Phoenicopteridae,Phoenicopterus roseus,2389.104,1,535.33,4,0.000934,184.67,11,0.3333,-0.477121255,0.0086191,-2.064538081,144,10,0.010185,58100000,7.76,migrant,44,1.643452676,3100,3.491361694,,,,,,,,,,,
Passeriformes,Muscicapidae,Phoenicurus ochruros,4272.9261,2,1138.34,3,0.000676702,391.66,76,0.039,-1.40936947,0.086963977,-1.060660607,302,44,0.064970605,31100000,7.49,migrant,10.2,1.008600172,16,1.204119983,0.241,-0.617982957,,,,,,,,,
Passeriformes,Thraupidae,Phrygilus alaudinus,2048.508,1,467.33,1,0.00028531,162.67,12,0.0769,-1.113943352,0.012881,-1.89005042,128,9,0.011012,4100000,6.61,nonmigrant,,,23.5,1.371067862,,,,,,,,,,,
Passeriformes,Thraupidae,Phrygilus atriceps,873,1,434,0,0,148,2,,,0.009009,-2.045323413,117,2,0.011396,898000,5.95,nonmigrant,,,24.3,1.385606274,,,1,1,45.90636549,1.66187291,-21.11856483,21.11856483,1.324664401,,-67.75719789
Passeriformes,Thraupidae,Phrygilus fruticeti,1271.55,1,382.33,1,0.00074729,136.67,5,0.1667,-0.77815125,0.010453,-1.98075905,111,5,0.01287,3590000,6.56,migrant,,,38.45,1.584896344,,,,,,,,,,,
Passeriformes,Thraupidae,Phrygilus gayi,1367.1,1,415.67,0,0,142.33,15,,,0.044162,-1.354951267,112,12,0.045918,1490000,6.17,migrant,,,26.3,1.419955748,,,1,1,90.42514744,1.956289226,-39.89165237,39.89165237,1.600882026,,-70.1473229
Passeriformes,Thraupidae,Phrygilus plebejus,1278.9,1,385.33,0,0,136.67,7,,,0.014634,-1.834636949,109,3,0.0078637,3250000,6.51,migrant,,,15.2,1.181843588,,,,,,,,,,,
Passeriformes,Thraupidae,Phrygilus unicolor,525,1,387.33,0,0,137.67,1,,,0.0072639,-2.138830143,110,1,0.0090909,6930000,6.84,migrant,,,21.9,1.340444115,,,,,,,,,,,
Passeriformes,Meliphagidae,Phylidonyris novaehollandiae,3539.3484,1,760.33,2,0.00029227,268.67,12,0.1538,-0.812913357,0.0097066,-2.012932867,209,8,0.0079119,4680000,6.67,nonmigrant,,,16,1.204119983,0.315,-0.501689446,1,1,84.14893011,1.925048599,-34.556531,34.556531,1.538530139,-34.8,145.5611118
Passeriformes,Pycnonotidae,Phyllastrephus cabanisi,1641.3057,1,479,1,0.00052192,154,16,0.0588,-1.230448921,0.040121,-1.396628251,112,8,0.029656,4130000,6.62,nonmigrant,,,35.25,1.547159121,,,,,,,,,,,
Passeriformes,Phylloscopidae,Phylloscopus collybita,7184.3805,3,2001.34,5,0.000742864,674.66,50,0.098,-1.008600172,0.030020513,-1.522581891,508,32,0.025946318,15300000,7.18,migrant,8,0.903089987,8.75,0.942008053,0.165,-0.782516056,1,1,104.9318761,2.020907438,45.33154871,45.33154871,1.656400557,,5.979704845
Passeriformes,Phylloscopidae,Phylloscopus ibericus,2170.1028,1,483.33,3,0.001,170.67,23,0.125,-0.903089987,0.019287,-1.71473532,133,14,0.014662,1150000,6.06,migrant,,,7.625,0.882239848,,,,,,,,,,,
Passeriformes,Phylloscopidae,Phylloscopus pulcher,3334.1145,1,548.67,3,0.00019185,174.33,27,0.1071,-0.970036777,0.024454,-1.611650092,130,18,0.024504,3460000,6.54,altitudil migrant,,,6.5,0.812913357,,,1,1,7.659152029,0.88418069,24.6229841,24.6229841,1.391340685,,93.97290633
Passeriformes,Phylloscopidae,Phylloscopus sibilatrix,2860.119,1,746,1,0.0002681,265,15,0.0625,-1.204119983,0.015094,-1.821195654,204,8,0.011438,11800000,7.07,migrant,10.2,1.008600172,10.7,1.029383778,0.175,-0.756961951,,,,,,,,,
Cuculiformes,Cuculidae,Piaya cayana,2706.9876,1,778.67,5,0.0016053,265.33,31,0.1563,-0.806179974,0.034593,-1.461011773,200,19,0.027321,16100000,7.21,nonmigrant,,,103.85,2.016406501,,,,,,,,,,,
Passeriformes,Corvidae,Pica pica,12307.2048,2,1601,29,0.001920233,535,161,0.179,-0.747117017,0.068931798,-1.161580393,390,88,0.052350292,58600000,7.77,nonmigrant,5.9,0.770852012,235,2.371067862,1.53,0.184691431,1,2,3991.488876,3.601134923,48.5629591,48.5629591,1.686305142,42.9,70.10345866
Piciformes,picidae,Picoides albolarvatus,8086.0275,2,1228.34,10,0.000423004,412.66,21,0.4545,-0.342422681,0.004947189,-2.305641498,314,13,0.002935428,883000,5.95,altitudil migrant,,,64.5,1.809559715,,,,,,,,,,,
Piciformes,Picidae,Picoides pubescens,5883.1575,1,714.33,28,0.00039283,242.67,37,0.7368,-0.132625565,0.0025414,-2.594926974,181,24,0.0021254,21200000,7.33,nonmigrant,11.9,1.075546961,27,1.431363764,0.383,-0.416801226,,,,,,,,42.7,
Piciformes,Picidae,Picoides tridactylus,4677.2952,1,899.67,15,0.0057821,291.33,41,0.3571,-0.447158031,0.042847,-1.36807958,223,19,0.025978,67000000,7.83,nonmigrant,11.2,1.049218023,64.75,1.811239773,,,1,1,3572.833737,3.553012807,58.8369919,58.8369919,1.769650461,,89.62972293
Piciformes,picidae,Picoides villosus,5767.7625,1,685.67,19,0.0011381,235.33,58,0.322,-0.492098411,0.020433,-1.689667865,180,38,0.01956,29600000,7.47,altidudil migrant,15.9,1.201397124,69.5,1.841984805,,,,,,,,,,,
Psittaciformes,Psittacidae,Pionus menstruus,1503,1,750,3,0.0026667,252,2,1,0,0.005291,-2.276462238,189,1,0.0035273,10100000,7,nonmigrant,20.6,1.31386722,252,2.401400541,,,1,1,687.3037756,2.83714873,-4.95967685,4.95967685,0.695453381,,-61.76800972
Passeriformes,Cardinalidae,Piranga rubra,4153.968,1,713.67,5,0.00056645,222.33,14,0.3333,-0.477121255,0.0097332,-2.011744353,161,6,0.0085624,5680000,6.75,migrant,7.9,0.897627091,31,1.491361694,,,,,,,,,,,
Accipitriformes,Accipitridae,Pithecophaga jefferyi,645,1,479,0,0,166,1,,,0.0060241,-2.220107827,133,1,0.0075188,551000,5.74,nonmigrant,41,1.612783857,6350,3.802773725,,,,,,,,,,,
Passeriformes,Pittidae,Pitta nympha,4280.1906,2,942.34,2,0.000238301,305.66,7,0.25,-0.602059991,0.004405815,-2.355973743,234,5,0.00370199,2990000,6.48,migrant,,,111.25,2.04630002,,,,,,,,,,,
Pelecaniformes,Threskiornithidae,Platalea minor,11560.833,3,1728.66,2,5.31E-05,566.34,3,0.5,-0.301029996,0.001234339,-2.908565549,424,3,0.001660497,169000,5.23,migrant,15,1.176091259,1228,3.089198367,,,,,,,,,,,
Psittaciformes,Psittacidae,Platycercus elegans,2081.2167,1,743.67,1,0.00053788,255.33,1,0.5,-0.301029996,0.0015666,-2.805041878,198,1,0.0020202,2600000,6.42,nonmigrant,26.8,1.428134794,134.5,2.128722284,,,,,,,,,,,
Passeriformes,Calcariidae,Plectrophenax nivalis,4772.427,1,844,6,0.00046482,278,8,0.6667,-0.176091259,0.0029792,-2.525900341,206,3,0.0028068,43400000,7.64,migrant,9.6,0.982271233,37,1.568201724,,,1,2,57.77562949,1.761744686,75.24763725,75.24763725,1.876492868,,-129.6880937
Podicipediformes,Podicipedidae,Podiceps auritus,3093.1635,1,662.67,7,0.0013943,222.33,8,0.7778,-0.109144469,0.0046293,-2.334484674,170,5,0.003096,52900000,7.72,migrant,7,0.84509804,385,2.58546073,,,,,,,,,,,
Passeriformes,Paridae,Poecile atricapilla,3072.1182,2,487.997,3,0.000272278,157.003,11,0.25,-0.602059991,0.002460244,-2.609021819,118,6,0.001871636,15000000,7.18,nonmigrant,,,11.6,1.064457989,0.252,-0.598599459,,,,,,,,,
Passeriformes,Paridae,Poecile carolinensis,2489.952,1,369.67,1,5.36E-05,110.33,20,0.0476,-1.322219295,0.0090993,-2.040992016,80,13,0.0079356,2950000,6.47,nonmigrant,10.9,1.037426498,10.5,1.021189299,,,1,1,228.4032667,2.358702311,34.89736971,34.89736971,1.542792694,,-88.35795462
Passeriformes,Paridae,Poecile gambeli,3466.4553,1,514,26,0.002723,179,42,0.6047,-0.218495108,0.05989,-1.222645687,135,27,0.052491,4360000,6.64,nonmigrant,10.1,1.004321374,10.85,1.035429738,,,,,,,,,,,
Passeriformes,Paridae,Poecile montanus,9901.0731,2,1467,13,0.000840959,510,82,0.1566,-0.80513474,0.016670859,-1.778042022,392,49,0.010046481,44300000,7.65,altitudil migrant,11.3,1.053078443,11.5,1.06069784,,,,,,,,,,,
Passeriformes,Paridae,Poecile palustris,10053.1812,2,1438.67,16,0.000935463,499.33,105,0.1509,-0.821185883,0.059762424,-1.223571796,378,68,0.047875341,30100000,7.48,nonmigrant,11.9,1.075546961,11.95,1.077367905,,,,,,,,,,,
Passeriformes,Paridae,Poecile rufescens,8183.4777,2,1651,13,0.000824961,515,14,0.8667,-0.062147907,0.003550863,-2.449666083,380,5,0.002041828,3920000,6.59,nonmigrant,9.5,0.977723605,10.55,1.02325246,,,1,1,120.4654814,2.08086262,45.5563461,45.5563461,1.658548884,,-119.5149718
Passeriformes,Polioptilidae,Polioptila attenboroughi,1041,1,779.33,1,0.0012831,261.67,3,0.25,-0.602059991,0.011465,-1.940625941,198,2,0.010101,4650000,6.67,nonmigrant,,,66,1.819543936,,,,,,,,,,,
Galliformes,Phasianidae,Polyplectron katsumatae,4549.9272,2,1638.67,4,0.000977226,545.33,7,0.5,-0.301029996,0.005546079,-2.256013948,421,3,0.002925033,10100,4,nonmigrant,,,59,1.770852012,,,1,1,0.185672639,-0.73125209,19.753242,19.753242,1.295638384,,109.3072856
Anseriformes,Anatidae,Polysticta stelleri,1411.9644,1,337.33,2,0.00084698,106.67,13,0.1429,-0.84509804,0.02524,-1.597910649,77,8,0.020265,9240000,6.97,migrant,23,1.361727836,823.75,2.915795428,,,1,1,275.3394091,2.439868376,72.88824445,72.88824445,1.86265749,,143.2271168
Gruiformes,Rallidae,Porphyrio porphyrio,668.5952463,1,185.33,1,0.0020983,60.667,1,0.5,-0.301029996,0.003663,-2.436163081,44,0,0,261000000,8.42,nonmigrant,9,0.954242509,596,2.77524626,3.697,0.567849451,1,1,1617.440637,3.20882835,21.3597237,21.3597237,1.329595631,,85.53346267
Passeriformes,Dicaeidae,Prionochilus maculatus,3144.5616,1,633,5,0.0019107,219,28,0.1724,-0.763427994,0.047611,-1.322292697,169,18,0.04004,3820000,6.58,nonmigrant,,,8.75,0.942008053,,,1,1,114.0917608,2.057254283,0.8649197,0.8649197,-0.063024211,,114.2066435
Procellariiformes,Procellariidae,Procellaria aequinoctialis,2139.2301,2,903.34,2,0.001029761,290.66,9,0.2,-0.698970004,0.017441512,-1.758415869,217,4,0.008613314,173000000,8.24,migrant,,,1285,3.108903128,6.308,0.799891685,1,1,12621.32077,4.101104804,-45.51573847,45.51573847,1.658161593,,-10.41289716
Passeriformes,Promeropidae,Promerops cafer,2944.989,1,775.67,0,0,265.33,8,,,0.0095477,-2.020101235,202,5,0.0062706,263000,5.42,nonmigrant,,,34.75,1.540954809,,,1,1,11.10203074,1.045402425,-33.3974841,33.3974841,1.523713752,,21.38221847
Passeriformes,Promeropidae,Promerops gurneyi,3310.4841,1,775.33,0,0,265.67,4,,,0.00455,-2.341988603,202,2,0.0025024,642000,5.81,nonmigrant,,,35.625,1.551754873,,,1,1,9.451857401,0.975517161,-29.8787181,29.8787181,1.475361961,,29.71737372
Passeriformes,Prunellidae,Prunella modularis,2944.989,1,780,6,0.0037037,261,26,0.2222,-0.653212514,0.049808,-1.302700897,197,16,0.037789,15200000,7.18,migrant,20.8,1.318063335,19.5,1.290034611,0.324,-0.48945499,,,,,,,,,
Passeriformes,Icteridae,Psarocolius angustifrons,906,1,678,1,0.0014749,228,9,0.1,-1,0.039474,-1.403688863,173,4,0.023121,4500000,6.65,nonmigrant,,,313,2.495544338,,,,,,,,,,,
Passeriformes,Paridae,Pseudopodoces humilis,5405.331,2,1123,14,0.001230653,383,25,0.5385,-0.268845312,0.015747069,-1.80280027,295,16,0.015074331,3000000,6.48,nonmigrant,,,45.5,1.658011397,,,,,,,,,,,
Psittaciformes,Psittacidae,Psittacus erithacus,1764,1,540.67,2,0.0019376,179.33,23,0.0833,-1.079181246,0.063197,-1.199303537,134,12,0.037669,4460000,6.65,nonmigrant,49.7,1.696356389,446,2.649334859,,,,,,,,,,,
Procellariiformes,Procellariidae,Pterodroma alba,1363.5,1,682.33,0,0,226.67,0,,,0,,170,0,0,28800000,7.46,migrant,11.3,1.053078443,279,2.445604203,,,1,1,1884.109882,3.275106227,-1.9259819,1.9259819,0.284652201,,-152.7042003
Procellariiformes,Procellariidae,Pterodroma cookii,4262.235,2,785.33,1,6.08E-05,264.67,9,0.1,-1,0.006930045,-2.159263945,207,7,0.007988568,139000000,8.14,migrant,,,207,2.315970345,,,1,1,11370.62263,4.055784246,-8.99954371,8.99954371,0.954220491,,-134.1987861
Procellariiformes,Procellariidae,Pterodroma lessonii,1080,1,534.67,0,0,185.33,6,,,0.021583,-1.665888189,146,3,0.013699,97000000,7.99,migrant,,,695,2.841984805,,,1,1,9814.238249,3.991856597,-51.42132574,51.42132574,1.711143269,,1.88956494
Procellariiformes,Procellariidae,Pterodroma magentae,4864.6545,1,861.67,0,0,275.33,0,,,0,,202,0,0,1850000,6.27,migrant,,,487.5,2.68797462,,,,,,,,,,,
Procellariiformes,Procellariidae,Pterodroma sandwichensis,916.6383,1,116,1,0.00015257,37,9,0.1,-1,0.028301,-1.548198219,27,4,0.0029306,22000000,7.34,migrant,13.1,1.117271296,410.5,2.613313161,,,1,1,1796.932442,3.25453175,26.9493241,26.9493241,1.430547877,,-148.111526
Passeriformes,Ptilonorhynchidae,Ptilonorhynchus violaceus,8550.762,2,1526.66,23,0.001865101,513.34,73,0.3108,-0.507503884,0.018821156,-1.725353706,367,32,0.014865169,1790000,6.25,nonmigrant,21,1.322219295,222.75,2.347817713,,,1,1,49.59829369,1.695466736,-32.1888729,32.1888729,1.50770577,,149.9969671
Passeriformes,Meliphagidae,Ptilotula penicillata,3368.3496,1,686.67,4,0.002175,237.33,28,0.1379,-0.860338007,0.030644,-1.513654546,179,14,0.021331,6740000,6.83,nonmigrant,,,19,1.278753601,,,1,1,447.7811806,2.651065837,-26.36714221,26.36714221,1.421063062,,135.969874
Procellariiformes,Procellariidae,Puffinus griseus,1155.444672,1,228.33,3,0.0029489,77.667,14,0.2,-0.698970004,0.021631,-1.664923403,57,8,0.014971,466000000,8.67,migrant,34,1.531478917,814,2.910624405,,,,,,,,,,,
Procellariiformes,Procellariidae,Puffinus mauretanicus,4290.2946,1,629.33,3,0.00016513,207.67,18,0.1579,-0.801632346,0.014316,-1.84417831,154,8,0.0092552,7120000,6.85,migrant,,,519.25,2.715376505,,,1,1,448.7946042,2.652047627,46.5976279,46.5976279,1.668363809,,1.828456835
Passeriformes,Pycnonotidae,Pycnonotus plumosus,3239.784,1,630,7,0.0017289,219,28,0.2414,-0.617299958,0.037345,-1.427767536,164,19,0.028612,4570000,6.66,nonmigrant,,,30,1.477121255,,,1,1,122.7178348,2.088907684,0.8649197,0.8649197,-0.063024211,,114.2066435
Passeriformes,Pycnonotidae,Pycnonotus sinensis,3674.879487,2,966.34,1,0.000206879,332.663,16,0.0588,-1.230448921,0.012965918,-1.887196729,253,11,0.011792816,4560000,6.66,migrant,,,38,1.579783597,,,,,,,,,,,
Sphenisciformes,Spheniscidae,Pygoscelis adeliae,3568.1232,1,614.33,1,0.0001414,201.67,4,0.2,-0.698970004,0.0012923,-2.888636656,154,3,0.0014036,21000000,7.32,migrant,,,6000,3.77815125,11.513,1.061188505,,,,,,,,,
Passeriformes,Passeridae,Pyrgilauda blanfordi,3967.137,2,1136.33,1,0.00021917,393.67,20,0.0476,-1.322219295,0.014266449,-1.845684112,306,12,0.010780256,480000,5.68,nonmigrant,,,,,,,1,1,11.57961056,1.063693954,29.7432872,29.7432872,1.473388965,,88.17808328
Passeriformes,Corvidae,Pyrrhocorax pyrrhocorax,7774.092,2,2059.67,2,0.000195169,688.33,10,0.1818,-0.740362689,0.005525424,-2.25763439,519,5,0.003467411,51300000,7.71,nonmigrant,20.3,1.307496038,291,2.463892989,,,1,1,1383.7782,3.141066484,4.3125822,4.3125822,0.634737386,,90.91487153
Passeriformes,Fringillidae,Pyrrhula pyrrhula,2699.2089,1,775.67,0,0,265.33,1,,,0.00094221,-3.025852291,203,1,0.0012315,37600000,7.58,migrant,17.5,1.243038049,29.5,1.469822016,0.552,-0.258060922,,,,,,,,,
Passeriformes,Fringillidae,Pyrrhura melanura,1602,1,803.33,2,0.0016598,264.67,3,0.5,-0.301029996,0.0075567,-2.121667819,196,3,0.010204,2430000,6.39,nonmigrant,,,83,1.919078092,,,1,1,122.5234744,2.088219304,-1.3932553,1.3932553,0.144030704,,-70.47543846
Passeriformes,Cotingidae,Querula purpurata,3209.3292,1,749.67,4,0.00071143,237.33,12,0.3077,-0.511883361,0.009069,-2.042440598,178,7,0.0064205,8790000,6.94,nonmigrant,,,105.25,2.022222105,,,1,1,461.5077571,2.664179005,-4.73184537,4.73184537,0.675030544,,-62.46180717
Passeriformes,Icteridae,Quiscalus lugubris,2124.966,1,757.67,6,0.0047514,262.33,30,0.1935,-0.713210443,0.068615,-1.163580932,202,19,0.056436,3460000,6.54,nonmigrant,,,63.25,1.80106053,,,,,,,,,,,
Gruiformes,Rallidae,Rallus obsoletus,3973.0698,1,633.67,1,0.00023784,212.33,2,0.3333,-0.477121255,0.0012876,-2.890219032,162,1,0.00093033,1260000,6.1,nonmigrant,,,252.75,2.402691164,,,1,1,5.30070059,0.724333274,25.3519417,25.3519417,1.404011227,,-108.3960265
Passeriformes,Regulidae,Regulus regulus,2944.989,1,779.67,1,0.00025652,261.33,9,0.1,-1,0.007483,-2.125924255,197,6,0.0060914,51100000,7.71,migrant,7,0.84509804,5.85,0.767155866,0.184,-0.735182177,,,,,,,,,
Passeriformes,Rhipiduridae,Rhipidura phasiana,4878.470407,2,1016.33,5,0.001024264,339.667,10,0.4545,-0.342422681,0.006527118,-2.185278536,251,5,0.004526778,3930000,6.59,nonmigrant,,,6.4,0.806179974,,,1,1,27.03478579,1.431922933,-15.5854787,15.5854787,1.192720146,,131.4550477
Passeriformes,Thraupidae,Saltator grossus,3125.5965,1,778.33,7,0.002628,256.67,38,0.1795,-0.745966567,0.050236,-1.298984948,191,23,0.042599,9340000,6.97,nonmigrant,,,47,1.672097858,,,1,2,510.1245615,2.707676234,-2.631137926,2.631137926,0.420143615,,-63.95273997
Passeriformes,Muscicapidae,Saxicola torquata,4008.3264,1,712.33,9,0.0016195,241.67,33,0.2647,-0.577236408,0.022255,-1.652572401,179,20,0.018476,82800000,7.92,migrant,8.8,0.944482672,15,1.176091259,0.255,-0.59345982,,,,,,,,,
Passeriformes,Tityridae,Schiffornis turdina,1041,1,788.33,3,0.0038055,252.67,24,0.12,-0.920818754,0.094987,-1.022335829,190,12,0.063158,10400000,7.02,nonmigrant,,,41,1.612783857,,,1,1,458.8306507,2.661652422,-6.2158485,6.2158485,0.793500421,,-63.01176259
Passeriformes,Tityridae,Schiffornis virescens,3468.744,1,690.67,3,0.00033413,218.33,10,0.2727,-0.56427143,0.0066236,-2.178905903,164,4,0.0039962,2070000,6.32,nonmigrant,,,25.175,1.400969479,,,1,1,145.9060953,2.164073435,-22.1843453,22.1843453,1.346046616,,-49.61745697
Passeriformes,Furnariidae,Sclerurus mexicanus,3031.515,1,787.33,10,0.0046186,247.67,80,0.1235,-0.908485019,0.13655,-0.864708296,182,41,0.092108,14800000,7.17,nonmigrant,,,27,1.431363764,,,1,1,521.5831931,2.717323589,-3.691241,3.691241,0.567172401,,-62.44680119
Passeriformes,Furnariidae,Sclerurus scansor,9224.212686,3,1476.66,12,0.001764566,494.337,56,0.2105,-0.67669361,0.033353188,-1.476862649,368,30,0.021079647,2560000,6.41,nonmigrant,,,33,1.51851394,,,1,1,184.6005409,2.266232969,-21.813829,21.813829,1.338731904,,-49.42217814
Charadriiformes,Scolopacidae,Scolopax minor,1945.7064,1,474,5,0.0018933,153,7,0.625,-0.204119983,0.012402,-1.906508273,114,4,0.0094467,6410000,6.81,migrant,20.9,1.320146286,191.25,2.281601444,1.066,0.027757205,1,1,117.6528452,2.070602434,33.85148935,33.85148935,1.529577781,,-86.38821496
Charadriiformes,Scolopacidae,Scolopax rusticola,3405.2757,1,580,9,0.00079747,191,41,0.2143,-0.669006781,0.032334,-1.490340566,138,28,0.025138,49000000,7.69,migrant,15.5,1.190331698,275.5,2.440121603,2.16,0.334453751,1,1,59.14344663,1.77190663,47.63534893,47.63534893,1.677929351,,2.995324384
Passeriformes,Parulidae,Setophaga coronata,12899.9094,6,4314.67,36,0.00387964,1403.33,213,0.1682,-0.774111273,0.081568692,-1.088476502,1032,120,0.062318616,,#NUM!,,,,,,,,,,,,,,,,
Passeriformes,Sittadae,Sitta europaea,3638.3991,1,772.67,8,0.0043595,268.33,33,0.2353,-0.62838893,0.052523,-1.279650476,203,22,0.046668,51400000,7.71,nonmigrant,12.9,1.11058971,22.5,1.352182518,,,,,,,,,,,
Passeriformes,Sittadae,Sitta krueperi,1638.8937,1,446.67,0,0,156.33,4,,,0.011016,-1.957976073,124,3,0.0098566,895000,5.95,nonmigrant,,,12.15,1.084576278,,,1,1,29.70862656,1.472882575,38.79831352,38.79831352,1.588812848,,31.09595396
Passeriformes,Sittadae,Sitta nagaensis,2829.3339,1,774.33,0,0,266.67,6,,,0.0060417,-2.218840843,202,3,0.0046755,3800000,6.58,nonmigrant,,,17,1.230448921,,,1,1,94.77253475,1.976682496,25.7283614,25.7283614,1.410412128,,100.2818776
Passeriformes,Acanthizidae,Smicrornis brevirostris,3324.1944,1,604,6,0.00058434,209,48,0.1224,-0.91204483,0.026073,-1.583808995,162,27,0.015669,9560000,6.98,nonmigrant,,,6,0.77815125,,,1,1,653.5150604,2.8152556,-25.6726492,25.6726492,1.409470686,,134.6435169
Anseriformes,Anatidae,Somateria fischeri,507,1,383.33,0,0,123.67,1,,,0.0080863,-2.09225015,93,1,0.010753,4060000,6.61,migrant,18,1.255272505,1500,3.176091259,,,,,,,,,,,
Anseriformes,Anatidae,Somateria spectabilis,1537.725,1,396.67,1,0.00045837,128.33,8,0.1111,-0.954242509,0.014168,-1.848691452,96,6,0.015152,19100000,7.28,migrant,18.9,1.276461804,1600.75,3.20432351,,,,,,,,,,,
Sphenisciformes,Spheniscidae,Spheniscus magellanicus,3173.562,1,467.33,9,0.00049076,162.67,12,0.6923,-0.159700843,0.0049759,-2.303128356,124,4,0.0041562,2340000,6.37,migrant,30,1.477121255,5050,3.703291378,,,1,1,72.99540411,1.863295517,-49.51486,49.51486,1.694735555,,-70.9054594
Passeriformes,Fringillidae,Spinus spinus,2944.989,1,774.33,2,0.00051657,266.67,8,0.2222,-0.653212514,0.0065833,-2.181556354,205,5,0.0056369,33300000,7.52,migrant,13.5,1.130333768,14.3,1.155336037,0.29,-0.537602002,,,,,,,,,
Passeriformes,Timalidae,Stachyris erythroptera,2953.6485,1,561.67,8,0.0060007,197.33,63,0.125,-0.903089987,0.12037,-0.919481739,151,37,0.084779,1690000,6.23,nonmigrant,,,12.55,1.098643726,,,,,,,,,,,
Passeriformes,Timalidae,Stachyris poliocephala,2497.1496,1,533,9,0.0054078,193,26,0.3333,-0.477121255,0.043178,-1.364737478,151,13,0.029823,2890000,6.46,nonmigrant,,,27,1.431363764,,,1,1,58.22426763,1.765104034,-0.947698933,0.947698933,-0.023329608,,101.5215685
Passeriformes,Timalidae,Stachyris ruficeps,18775.8801,4,3246.33,20,0.000614719,1091.67,385,0.0518,-1.285557309,0.085260968,-1.069249741,815,230,0.067104441,5130000,6.71,nonmigrant,,,9.5,0.977723605,,,,,,,,,,,
Caprimulgiformes,Steatornithidae,Steatornis caripensis,4836.7983,1,769.67,2,0.0012757,271.33,4,0.4,-0.397940009,0.0043425,-2.362260173,211,3,0.0036064,5830000,6.77,nonmigrant,,,412.5,2.615423953,,,1,1,86.48917941,1.936961777,-1.442662499,1.442662499,0.159164743,,-74.15755412
Charadriiformes,Laridae,Sterna hirundinacea,1462.9734,2,597.33,0,0,200.67,6,,,0.01592109,-1.798027203,152,4,0.014992857,10600000,7.03,migrant,,,195,2.290034611,,,1,1,147.1205991,2.167673485,-39.617364,39.617364,1.597885576,,-64.61965934
Charadriiformes,Laridae,Sternula antillarum,1959.744,1,384.33,4,0.0011969,134.67,10,0.3636,-0.439332694,0.018515,-1.732476284,101,6,0.014851,18200000,7.26,migrant,24.1,1.382017043,47.4,1.675778342,,,1,1,0.684259051,-0.164779449,17.43768358,17.43768358,1.241488793,,-99.87265378
Columbiformes,Columbidae,Streptopelia decaocto,2363.6889,1,489.67,7,0.0027035,167.33,95,0.0729,-1.137173193,0.22026,-0.657064365,131,63,0.19418,107000000,8.03,nonmigrant,17.9,1.252853031,179.5,2.254064453,0.95,-0.022276395,,,,,,,,,
Strigiformes,Strigidae,Strix omanensis,765,1,573,0,0,192,2,,,0.010417,-1.982257336,145,1,0.0068966,179000,5.25,nonmigrant,,,500,2.698970004,,,,,,,,,,,
Struthioniformes,Struthionidae,Struthio camelus,1326,2,995,3,0.003020334,331,1,1.5,0.176091259,0.002971871,-2.526970046,253,1,0.003781764,24400000,7.39,nonmigrant,50,1.698970004,114000,5.056904851,58.238,1.765206452,,,,,,,,,
Passeriformes,Thanmnophilidae,Stymphalornis acutirostris,4368.576,1,680.33,0,0,234.67,3,,,0.0028178,-2.550089835,181,3,0.0036533,1500,3.18,nonmigrant,,,10,1,,,,,,,,,,,
Suliformes,Sulidae,Sula leucogaster,1842.6231,1,604,2,0.0014349,203,4,0.4,-0.397940009,0.0075534,-2.121857516,157,3,0.0076433,223000000,8.35,nonmigrant,27.2,1.434568904,1137,3.055760465,,,1,2,2252.692642,3.352701941,-15.7844661,15.7844661,1.198229897,,-153.7066798
Passeriformes,Sylviidae,Sylvia atricapilla,5920.203,2,1464,7,0.001880196,492,35,0.1944,-0.711204461,0.026538752,-1.576119504,369,18,0.019124929,27800000,7.44,migrant,13.8,1.139879086,19.75,1.2955671,0.413,-0.384049948,1,2,192.372107,2.284142102,43.74727737,43.74727737,1.64095103,,1.409211276
Passeriformes,Sylviidae,Sylvia cantillans,4518.924,2,851.33,6,0.000480624,297.67,105,0.0566,-1.247154615,0.109476428,-0.960679381,226,64,0.082479568,5160000,6.71,migrant,,,11.55,1.062581984,,,,,,,,,,,
Passeriformes,Sylviidae,Sylvia communis,2829.3339,1,772,2,0.0010075,269,7,0.25,-0.602059991,0.0068154,-2.16650865,207,6,0.0077831,25100000,7.4,migrant,8.9,0.949390007,15.5,1.190331698,,,,,,,,,,,
Passeriformes,Sylviidae,Sylvia conspicillata,3708.1599,1,745.33,1,0.00038889,247.67,21,0.0455,-1.342422681,0.013342,-1.874779064,189,11,0.010889,11200000,7.05,migrant,,,10.45,1.01911629,,,1,1,85.11751221,1.930018922,33.681495,33.681495,1.52739136,,-0.80645244
Passeriformes,Sylviidae,Sylvia melanocephala,3613.0704,1,684,6,0.00067554,228,42,0.1395,-0.855317205,0.036015,-1.443516581,173,27,0.028809,9180000,6.96,migrant,8.3,0.919078092,18.5,1.267171728,,,,,,,,,,,
Passeriformes,Sylviidae,Sylvia sarda,1112.4822,1,398,3,0.0040201,136,4,0.6,-0.22184875,0.016176,-1.791128862,104,3,0.017308,132000,5.12,migrant,,,10.25,1.010723865,,,1,1,3.542759361,0.549341654,4.8993691,4.8993691,0.690140159,,9.032392754
Passeriformes,Paridae,Sylviparus modestus,12965.2677,4,3036,2,9.33E-05,1041,33,0.0588,-1.230448921,0.007161002,-2.145026205,803,20,0.004964542,5650000,6.75,altidudil migrant,,,7,0.84509804,,,1,1,76.06275751,1.881172066,26.4514243,26.4514243,1.422449062,,104.3777542
Passeriformes,Hirundinidae,Tachycineta bicolor,4166.6121,1,718.33,10,0.0010113,244.67,32,0.303,-0.51851394,0.010872,-1.963690556,182,17,0.0057927,19200000,7.28,migrant,12.1,1.08278537,21.25,1.327358934,0.286,-0.543633967,,,,,,,,,
Passeriformes,Thraupidae,Tachyphonus coronatus,4300.032,1,718.33,5,0.00038525,241.67,35,0.1389,-0.857332496,0.01768,-1.752517739,180,23,0.015646,1950000,6.29,nonmigrant,,,29.5,1.469822016,,,,,,,,,,,
Passeriformes,Estrildidae,Taeniopygia guttata,1472.008113,1,239.33,2,0.0017239,78.667,18,0.1053,-0.977723605,0.037274,-1.428593999,58,8,0.021507,308000,5.49,nonmigrant,12,1.079181246,10,1,0.205,-0.688246139,,,,,,,,,
Passeriformes,Thraupidae,Tangara cyanicollis,2837.4876,1,783.33,5,0.002695,260.67,28,0.1724,-0.763427994,0.039855,-1.399517187,195,15,0.02906,7610000,6.88,nonmigrant,,,16.4,1.214843848,,,,,,,,,,,
Passeriformes,Thraupidae,Tangara gyrola,3797.8332,1,769.33,4,0.0014283,259.67,51,0.0769,-1.113943352,0.061313,-1.212447434,196,33,0.051424,9790000,6.99,nonmigrant,,,22,1.342422681,,,,,,,,,,,
Passeriformes,Thamnophilidae,Taraba major,2715.1821,1,759.67,10,0.0059237,239.33,57,0.1724,-0.763427994,0.10794,-0.966817586,172,26,0.067829,18300000,7.26,nonmigrant,,,58.75,1.769007871,,,1,1,1072.688316,3.03047355,-7.593367219,7.593367219,0.880434403,,-59.32681584
Passeriformes,Monarchidae,Terpsiphone paradisi,2847.0156,1,637.67,6,0.0014898,220.33,51,0.1154,-0.937852093,0.034002,-1.468495537,165,28,0.025455,6400000,6.81,migrant,,,19,1.278753601,0.214,-0.669586227,1,1,122.5310284,2.088246079,19.93831421,19.93831421,1.299688436,,77.69875211
Passeriformes,Thraupidae,Tersina viridis,3243.702,1,764,3,0.00071918,256,25,0.1154,-0.937852093,0.018329,-1.736861229,194,17,0.015634,14000000,7.15,migrant,,,30.45,1.483587297,,,1,1,731.0583234,2.863952026,-9.839518883,9.839518883,0.992973864,,-59.80656547
Passeriformes,Thraupidae,Tiaris bicolor,2281.0167,1,738.67,0,0,260.33,4,,,0.0058899,-2.229892079,200,3,0.006,3760000,6.58,nonmigrant,,,10,1,,,,,,,,,,,
Passeriformes,Tilyridae,Tityra inquisitor,2445.4143,1,818,4,0.002608,253,25,0.1538,-0.812913357,0.049539,-1.305052764,184,15,0.042391,18100000,7.26,nonmigrant,,,51.9,1.715167358,,,1,3,932.2654802,2.969539604,-7.54535751,7.54535751,0.877679822,,-58.54872163
Passeriformes,Tilyridae,Tityra semifasciata,3281.8632,1,789,2,0.00036212,243,15,0.125,-0.903089987,0.017953,-1.745862969,177,8,0.014031,16200000,7.21,nonmigrant,,,82.55,1.916717078,,,1,1,565.9919582,2.752810261,-9.63283822,9.63283822,0.983754267,,-61.05199283
Passeriformes,Mimidae,Toxostoma curvirostre,4273.811033,3,840.67,4,0.000638972,275.336,42,0.093,-1.031408464,0.047817646,-1.320411807,206,29,0.045609758,2860000,6.46,nonmigrant,10.8,1.033423755,79.4,1.899820502,,,,,,,,,,,
Passeriformes,Pycnonotidae,Tricholestes criniger,3090.96,1,606,6,0.0034171,204,52,0.1132,-0.946124619,0.071674,-1.144638358,149,31,0.062716,3680000,6.57,nonmigrant,,,16.5,1.217483944,,,1,1,99.30479584,1.996970223,0.6272363,0.6272363,-0.202568816,,114.0709586
Passeriformes,Troglodytidae,Troglodytes aedon,4987.32,1,719.33,20,0.0028392,255.67,96,0.2062,-0.685741739,0.07129,-1.146971385,189,54,0.056832,59200000,7.77,migrant,9,0.954242509,11.55,1.062581984,0.19,-0.721246399,1,1,0.219726618,-0.658117329,14.6485221,14.6485221,1.165793811,,-61.02118885
Passeriformes,Troglodytidae,Troglodytes troglodytes,9030.0291,3,2215,15,0.001976825,791,125,0.119,-0.924279286,0.043309187,-1.363419969,609,80,0.037063395,55500000,7.74,migrant,7,0.84509804,9,0.954242509,0.213,-0.671620397,,,,,,,,,
Trogoniformes,Trogonidae,Trogon collaris,2356.3656,1,781,5,0.002134,251,49,0.1,-1,0.070916,-1.149255769,181,30,0.059669,16500000,7.22,nonmigrant,,,55.5,1.744292983,,,1,1,558.41462,2.74695678,-3.5351528,3.5351528,0.54840819,,-64.63154851
Trogoniformes,Trogonidae,Trogon rufus,2149.9656,1,782,4,0.0028133,250,79,0.05,-1.301029996,0.1728,-0.762456262,182,38,0.11429,14200000,7.15,nonmigrant,,,52.5,1.720159303,0.431,-0.36552273,1,1,551.6783247,2.741685921,-3.12442213,3.12442213,0.494769705,,-62.35955909
Charadriiformes,Scolopacidae,Tryngites subruficollis,3835.2825,1,710.33,9,0.00092253,234.67,20,0.4286,-0.367976785,0.0074735,-2.126475961,172,13,0.0077299,2470000,6.39,migrant,,,74.25,1.870696458,,,,,,,,,,,
Passeriformes,Turdidae,Turdus merula,6022.701,2,1274,6,0.000964485,427,39,0.15,-0.823908741,0.017535957,-1.756070528,323,24,0.013916172,32400000,7.51,migrant,21.8,1.338456494,95,1.977723605,0.74,-0.13076828,1,3,936.511187,2.97151297,46.982626,46.982626,1.671937287,,21.22201264
Passeriformes,Turdidae,Turdus migratorius,3792.7026,1,858.33,0,0,284.67,6,,,0.0053571,-2.271070247,214,3,0.0017523,30600000,7.49,migrant,17,1.230448921,76.5,1.883661435,0.761,-0.118615343,1,1,831.1851243,2.919697762,39.67289361,39.67289361,1.598493878,,-101.6560624
Passeriformes,Turdidae,Turdus philomelos,2944.989,1,778,2,0.00071408,263,16,0.1176,-0.929418926,0.02425,-1.615288257,200,4,0.011111,23300000,7.37,migrant,17.7,1.247973266,78.5,1.894869657,0.726,-0.139063379,,,,,,,,,
Passeriformes,Turdidae,Turdus torquatus,1187.241,1,252,1,0.00037793,78,5,0.1667,-0.77815125,0.009768,-2.010194349,58,3,0.0098522,13400000,7.13,migrant,9.1,0.959041392,114,2.056904851,,,,,,,,,,,
Stringiformes,Tytonidae,Tyto alba,1467.8616,1,302.33,6,0.0048197,105.67,51,0.1154,-0.937852093,0.14367,-0.842633908,75,29,0.11035,330000000,8.52,nonmigrant,34,1.531478917,321,2.506505032,1.794,0.253822439,1,3,5684.46874,3.754689883,-9.4137926,9.4137926,0.973764626,,-11.72248707
Stringiformes,Tytonidae,Tyto longimembris,2194.83,1,504.33,5,0.0015485,170.67,1,2.5,0.397940009,0.0027902,-2.554364666,132,0,0,41000000,7.61,nonmigrant,,,320,2.505149978,,,1,2,374.0806537,2.572965248,24.1633721,24.1633721,1.383157542,,108.5439586
Charadriiformes,Alcidae,Uria aalge,6519.2625,1,782.67,14,0.00017277,258.33,38,0.359,-0.444936571,0.0022522,-2.647393046,183,15,0.0010295,80700000,7.91,migrant,42.8,1.631443769,994.5,2.997604787,6.804,0.832764305,1,1,175.3726007,2.243961742,53.81778924,53.81778924,1.730925854,,-166.9073587
Charadriiformes,Alcidae,Uria lomvia,4417.10735,2,987.66,3,0.000696132,329.337,13,0.2143,-0.669006781,0.006904074,-2.160894562,246,6,0.005917489,48000000,7.68,migrant,29,1.462397998,945,2.975431809,5.069,0.704922291,,,,,,,,,
Passeriformes,Vireonidae,Vireo altiloquus,2281.0167,1,736.33,9,0.0059756,262.67,38,0.2308,-0.636822098,0.074873,-1.125674765,199,25,0.067002,3240000,6.51,migrant,,,20.8,1.318063335,,,,,,,,,,,
Passeriformes,Vireonidae,Vireo atricapilla,2944.989,1,769.67,1,0.00069294,271.33,9,0.1,-1,0.010074,-1.996798053,211,8,0.011269,601000,5.78,migrant,12,1.079181246,9,0.954242509,,,,,,,,,,,
Passeriformes,Vireonidae,Vireo hypochryseus,4244.1744,1,775.33,4,0.00030347,262.67,31,0.125,-0.903089987,0.033395,-1.476318552,198,16,0.026693,649000,5.81,nonmigrant,,,11.3,1.053078443,,,,,,,,,,,
Passeriformes,Thraupidae,Volatinia jacarina,297,1,226,0,0,71,0,,,0,,52,0,0,23600000,7.37,migrant,,,10,1,,,,,,,,,,,
Passeriformes,Parulidae,Wilsonia pusilla,1278.439676,1,237.67,1,0.00049407,77.333,25,0.0385,-1.414973348,0.077978,-1.108027908,58,13,0.051724,19600000,7.29,migrant,8.9,0.949390007,7.95,0.900367129,,,,,,,,,,,
Passeriformes,Thraupidae,Xenodacnis parina,387.4938,1,136,4,0.017647,50,17,0.2222,-0.653212514,0.204,-0.690369833,35,8,0.13714,139000,5.14,nonmigrant,,,11.25,1.051152522,,,1,1,4.626061308,0.665211384,-13.6533589,13.6533589,1.135239506,,-72.54042416
Passeriformes,Pipridae,Xenopipo atronitens,5364.6327,1,684,18,0.0018463,219,41,0.4286,-0.367976785,0.020244,-1.693703671,156,17,0.0073595,5740000,6.76,nonmigrant,,,15.25,1.183269844,,,1,1,161.9934732,2.209497517,3.4666313,3.4666313,0.539907654,,-63.07024205
Passeriformes,Pipridae,Xenopipo uniformis,1908.4653,1,786,0,0,255,2,,,0.0039216,-2.406536706,187,1,0.0026738,223000,5.35,nonmigrant,,,19.125,1.281601444,,,1,1,5.735277251,0.758554417,5.332248273,5.332248273,0.726910362,,-61.30292406
Passeriformes,Furnariidae,Xenops minutus,4176.1965,1,781.33,10,0.002967,247.67,89,0.1111,-0.954242509,0.11252,-0.948770277,177,40,0.069466,1650000,6.22,nonmigrant,,,8.5,0.929418926,0.227,-0.643974143,1,1,82.59429173,1.916950033,-21.46444431,21.46444431,1.33171965,,-46.70663227
Passeriformes,Passerellidae,Xenospiza baileyi,3326.9562,2,1471.33,5,0.001826869,454.67,1,2.5,0.397940009,0.001137844,-2.943917276,341,1,0.001393574,25200,4.4,nonmigrant,,,17.4,1.240549248,,,1,3,0.050682902,-1.295138526,21.6467885,21.6467885,1.335393474,,-102.6389878
Passeriformes,Furnariidae,Xiphorhynchus fuscus,10440.63395,6,3585.67,3,0.000293386,1190.327,27,0.1071,-0.970036777,0.011809896,-1.927753927,891,15,0.009187627,2450000,6.39,nonmigrant,,,20.25,1.306425028,,,1,1,168.3860569,2.226306127,-19.5256291,19.5256291,1.290605035,,-46.18050772
Passeriformes,Furnariidae,Xiphorhynchus kienerii,3214.2162,1,688,0,0,218,4,,,0.0026557,-2.575820986,162,2,0.0017869,1600000,6.2,nonmigrant,,,45,1.653212514,,,,,,,,,,,
Passeriformes,Furnariidae,Xiphorhynchus obsoletus,3935.0544,1,758.33,3,0.00027283,243.67,7,0.375,-0.425968732,0.0030123,-2.521101778,181,5,0.0032931,7100000,6.85,nonmigrant,,,31,1.491361694,,,1,1,545.2999851,2.736635486,-3.729612,3.729612,0.571663654,,-62.9132678
Columbiformes,Columbidae,Zenaida aurita,1827.696,1,463.67,3,0.0014901,160.33,8,0.3333,-0.477121255,0.016783,-1.775130405,130,6,0.017902,2360000,6.37,nonmigrant,,,144.75,2.160618572,,,1,2,19.98817679,1.300773182,21.6121216,21.6121216,1.334697402,,-78.95529412
Passeriformes,Passerellidae,Zonotrichia capensis,1938.345833,1,259.33,4,0.00021878,91.667,17,0.2222,-0.653212514,0.0039945,-2.398537575,66,12,0.0034172,25500000,7.41,migrant,,,23.9,1.378397901,,,,,,,,,,,